time ,device 69,device 70,device 71,device 72,device 73,device 75,device 76,device 77,device 78,device 79,device 80,device 81,device 82,device 83,device 84,device 85,device 86,device 87,device 88,device 89,device 91,device 92,device 93,device 94,device 95,device 96,device 97,device 98,device 99,device 100,device 101,device 103,device 104,device 105,device 106,device 107,device 108,device 109,device 110
2022/8/1,158.45747,234.9872442,210.4728499,155.4069998,,,282.4722241,115.6810063,171.0441296,173.9619895,332.2241021,266.5793427,199.2469217,470.2027362,190.224754,285.2881694,170.9474576,176.5376173,,413.9031527,168.2124763,307.1426946,435.2484682,183.7730573,239.8977908,338.6287917,224.7844966,169.2796995,424.071014,211.3815168,210.0922077,,,219.0845193,162.079275,144.8666532,253.1058925,16.5793042,187.3127989
2022/8/2,149.4716887,255.6655585,406.9524273,140.9011478,,,476.9196796,112.3612791,177.4343042,169.1574023,320.0878309,340.8067683,282.5543526,568.0316674,213.6422471,395.0687443,159.8515364,175.0609223,,298.7876156,159.531737,262.1018789,415.7338845,185.0888984,254.2262068,448.7621113,188.559527,159.4859355,418.6997471,247.1935532,271.8814926,,,224.302089,233.1518836,192.1863006,500.5539894,16.62099278,175.4869076
2022/8/3,155.1425951,287.427043,637.2928154,143.6165522,,,399.7093584,110.9845504,181.9659775,154.6445575,316.1784592,334.3935968,354.6766796,662.7549538,201.6901877,336.7359135,167.2567779,163.7852588,,407.3771977,160.9841114,259.9735048,616.5414719,180.0100648,283.3855104,502.1129374,198.0617446,156.7292348,446.3449671,343.1177379,386.3203091,,,232.4101239,235.2280993,189.8966883,676.394823,16.70302872,180.9772755
2022/8/4,166.4523176,403.0866303,352.6385931,151.6587931,,,462.8706102,170.0801353,212.6419473,233.5184532,259.580616,442.5192774,245.2453992,815.4014993,224.8653558,298.218202,180.1435501,191.6437365,,407.5306305,244.2950532,440.0088033,313.9317327,180.8661091,355.7294374,631.0520314,194.8574572,165.8710482,602.2239529,271.3988241,255.4097319,,,340.3277645,240.0604703,179.794145,273.403516,16.65450153,196.3721762
2022/8/5,159.76249,416.3008378,226.2141637,142.677319,,,653.5880045,233.0646112,267.8176788,245.8849413,253.6454282,337.8282601,248.607564,571.8651463,386.7017298,301.9573245,172.8539323,224.0394603,,443.794606,309.9845738,585.065216,279.5175911,169.7083588,206.46586,348.2767973,180.6100038,164.8489858,390.2776362,181.0086875,195.5713578,,,340.7991484,245.8796696,202.0871242,204.9401945,16.71491186,186.1643932
2022/8/6,130.560141,366.9048935,153.4465811,112.8232662,,,626.5146464,158.8312056,237.0762904,177.5079274,195.1154197,270.1696013,165.6113349,412.2944318,342.3823344,208.3028566,147.6669278,179.056779,,267.7733572,251.1184822,416.4268324,178.7643969,138.4838829,155.0073448,200.3525354,152.3393916,134.6835794,375.2160805,140.5325841,155.7931286,,,331.7756288,231.1270826,172.8233701,144.8221855,16.590211,159.3442559
2022/8/7,125.2813982,362.6330028,236.3234851,110.0372819,,,367.7706278,140.0366732,172.1207255,160.6058122,209.6045438,197.1900918,174.5975564,264.6892063,303.0386167,229.3678948,137.3310921,206.7582728,,311.6703413,158.171197,342.6875263,190.218338,137.2572245,189.2467458,193.6944028,158.4181467,128.4402982,385.2904328,174.3992446,192.0798909,,,271.2304394,231.8975343,161.8634346,151.2488905,16.77489378,150.6635775
2022/8/8,143.8825147,250.5353226,416.0730094,141.808979,,,241.2232568,103.065761,156.2693207,,219.6034656,223.4893191,185.9059409,226.3217953,165.198015,247.234627,166.0440103,155.2590562,,227.5563346,143.2486645,215.9827554,237.3116188,259.4048314,253.2520352,255.2160881,218.0793232,143.8752633,352.4726397,282.6161447,291.9216899,,,206.1219372,258.6118706,158.1593585,185.2651698,16.87399184,221.0548938
2022/8/9,115.7051507,89.37909973,224.2289834,171.1643748,,,96.85534345,69.43554652,98.20255508,,237.9991241,113.3436193,149.5886559,127.5336052,98.57327351,105.4026955,169.7010457,128.9497913,,119.1173644,85.29822474,105.0122106,107.0535315,480.3648446,185.9764553,127.4949778,296.416061,91.73194296,234.9932188,259.9837477,319.0192059,,,113.3181408,267.6099588,164.5946966,91.0857733,16.94036399,298.9060777
2022/8/10,129.6176014,114.5388842,187.7436752,158.3802959,,,,88.17914846,,,133.1100554,146.633583,160.0902812,158.6350623,132.2728855,161.7309919,171.8973832,163.1506744,,145.0442985,106.4592872,132.7129645,130.8956664,297.5513867,196.0517354,161.6107114,242.3380623,109.1275788,256.09078,213.3908363,250.784789,,,140.452972,271.7606933,187.7660903,119.8408398,16.70272015,266.6123328
2022/8/11,149.7746021,187.4038783,187.7231822,148.251387,,,,112.2569931,,,506.8711075,198.9078291,151.1509821,175.9448581,183.8380961,314.7961614,176.7856798,160.3845132,,195.4569366,142.1638989,199.6741825,203.1683237,228.7667164,183.6040682,208.2216858,270.1318847,154.7529655,255.724813,207.4359976,231.4088622,,,181.828069,264.7795897,177.6116407,206.4984851,16.72163075,211.073712
2022/8/12,139.1955257,320.6434607,349.7900454,128.6036454,,,,165.6124689,,,237.5642335,255.642159,203.6912997,315.2639783,282.7902228,349.5356609,154.132506,196.8573676,,299.7626324,214.5404544,429.764978,328.5637042,155.075122,207.8551366,242.0032162,177.1036138,143.7161205,354.1749239,202.4616787,367.6910664,,,304.7337088,306.2637023,161.9602855,291.6253906,16.59334086,164.6539753
2022/8/13,158.5127311,244.7641439,354.5451398,153.6809372,,,,144.4447204,,,284.0122563,232.6871792,175.3826358,271.6406104,186.2121349,267.9741147,176.5119602,206.9372252,,217.9547864,164.9552786,445.6379102,246.3020732,220.4872503,230.4225457,,278.861099,155.0846175,401.583809,222.6746929,238.9759828,,,275.5648601,297.5403498,162.7950918,218.9796145,16.66222903,201.3221812
2022/8/14,175.705232,283.5447485,225.4354075,195.3010089,,,,139.7968052,,,365.2822176,220.9016186,196.5966234,259.7375722,284.270404,297.7715329,191.3851323,218.8611639,,256.5004087,170.4366086,373.7688348,280.5666326,233.2022307,251.2681904,,240.1175652,164.5751718,393.875678,206.2132096,214.0879987,,,285.8187111,325.2154402,169.0449644,176.9898092,16.74657875,212.8700981
2022/8/15,178.9634048,308.4177995,253.6428204,179.7336029,,,214.2907201,127.6480873,192.9122427,,520.1352471,274.4547985,248.8851536,172.2519051,336.0486672,290.1434745,215.1079761,210.3417707,,365.8527134,159.6735295,342.8581912,337.6632735,336.5749717,216.032582,142.8887836,344.3542644,197.9965885,244.7263622,208.1854675,243.8685609,,164.9394038,245.276894,292.7372434,164.4131223,239.6689146,16.48300242,314.3003868
2022/8/16,,184.0011059,363.2865769,264.0107456,,,169.2797943,132.6571984,191.5244337,,179.9198323,204.4350099,226.6190213,167.6391269,201.8545384,218.6066721,290.859765,200.4038972,,480.3661955,147.0303982,194.8972891,,467.036902,296.9528776,231.1620179,608.7263495,175.794626,426.4512269,325.1033347,296.3859313,,166.1873687,200.6808121,228.1692311,182.7078593,190.8035689,,478.2523784
2022/8/17,,183.8015031,342.4481202,194.7233883,,,276.4969218,114.3885979,169.6942559,,182.1307751,245.6285198,205.1492343,242.5882936,197.3736361,295.9535424,211.3103173,180.8713649,,,137.6595459,178.9895767,,306.1358809,224.3400648,247.3614799,399.5461465,162.0595991,357.9422326,238.9481718,273.1540544,,142.9954326,183.5294339,197.0442734,172.8211213,283.854084,,329.9145721
2022/8/18,,266.0159648,468.8153849,123.6662358,,,285.0297971,114.7577919,164.1547033,,332.9051215,302.9365721,181.4853775,404.7314636,145.5899707,318.2702641,144.754587,194.2300791,,,165.2877312,290.5068395,,148.9045201,231.5101862,,181.1031288,146.9868716,400.6924056,239.4766351,257.5863199,,158.1950831,267.9091467,243.1952526,191.8641407,297.6822737,16.50901607,163.2343314
2022/8/19,,272.4042912,217.8786352,211.2521332,300.2561268,,,116.6168884,191.3546862,,311.8225894,200.3342423,186.7184795,166.4144187,253.1738688,231.2711155,199.4255262,193.9028226,,,145.9426026,281.1325832,385.4842254,279.5281855,196.8429195,,322.4085154,185.9531194,326.2824436,198.8176273,244.9534181,377.6787828,151.5800379,285.9049641,228.6181373,168.5852291,181.741272,16.7156025,244.505855
2022/8/20,,149.3224796,225.5700577,218.8720642,175.6248769,,,103.9727772,155.8408813,,302.8092439,168.9777101,166.9304025,154.5468131,128.6382997,169.223773,208.8947702,144.1601106,,,120.4535659,158.6447482,195.876948,479.0169712,207.1299898,,552.0883431,156.699086,397.1954194,288.6212605,282.9920635,207.2956091,133.4300441,168.2628379,205.7244054,170.8363715,164.5888827,16.385457,285.5875578
2022/8/21,,239.7814918,409.0626218,133.5095616,285.4349399,,,110.8564328,160.5899988,,300.3772079,256.8252728,179.4728279,391.6554965,151.4925917,287.8712728,153.1038242,160.1492417,,,138.9430059,274.0478588,377.9293316,185.3865863,218.5793088,,229.4867745,149.6355889,348.3577109,211.226355,253.2527507,387.367585,146.6770588,236.2101945,220.3215982,170.8821767,334.2707492,16.39154688,170.9035567
2022/8/22,,208.8318982,175.1688869,122.0525097,213.6694791,,,128.5647591,161.380908,,263.3615849,188.3458729,148.5256403,235.5031479,245.6401545,217.1817071,186.1393531,217.8412717,,,138.3222287,315.8469038,269.5553132,281.9791831,152.7429896,,347.7172077,135.0688001,195.3445439,135.1003345,173.1681763,283.1383018,146.8235563,277.5664037,239.3738064,162.7622117,128.9501054,16.76248475,237.4977564
2022/8/23,,78.08096998,236.460478,158.0668081,159.1095168,,,55.99846829,96.50732467,,174.1317978,127.5273899,182.119934,114.2533655,91.6632692,121.4351272,217.1280123,116.2339656,,,78.68000817,97.97958772,176.8747608,452.4282509,201.718146,,511.1933298,95.40205647,229.0681959,205.8743519,225.3197868,192.5068747,78.49041788,116.7618609,195.8191355,153.888909,87.49484229,16.16875047,325.7701175
2022/8/24,,141.6174173,240.2034518,174.6114372,,,,67.88732332,93.44715867,,133.1435682,217.600175,,212.2162617,136.9258894,231.078843,143.2373014,149.309501,,,111.2133439,149.7984978,171.434207,243.514989,180.1258382,,510.490885,128.0514941,305.1266714,184.7282694,207.8633809,193.1381542,117.3855869,175.3944846,140.9603801,116.3224808,172.6963486,15.86606278,196.9645836
2022/8/25,,243.1078686,242.2826061,319.1134807,,,,,,,168.458579,227.1725335,,214.72247,179.6595804,277.6292475,244.6264115,299.7394005,,,168.9723651,377.0728555,185.8087007,246.9294648,230.1088927,,488.5928143,266.4873237,484.0756767,250.3445633,251.5841297,208.4268155,211.4031926,416.9388156,153.0848147,125.6642439,193.3660276,16.37569175,270.0284214
2022/8/26,,386.2490661,178.1936011,173.5633324,,,,,,,151.0379157,265.0321818,,339.8517275,232.3314611,634.3765725,166.6890136,312.1597337,,,257.6150044,579.3888397,244.5779822,169.4991073,196.3520801,,332.2873062,300.2366454,375.2277091,166.1199519,188.1678069,262.7314581,253.2758213,648.9810136,161.3821904,133.291355,362.4293153,16.32488481,183.9167101
2022/8/27,,147.7740754,287.5250269,242.0283331,,,,,,,158.9533793,202.6190578,,188.3835311,202.1942771,292.4868236,285.0222647,289.0382541,,,136.1346356,247.6565171,85.69239293,278.6803464,323.8523077,,381.4936042,189.6198485,247.0831928,158.6052515,181.448449,114.9430631,133.394346,185.7230616,183.5561408,162.1624205,207.532469,15.52285041,479.9397891
2022/8/28,,105.2992133,313.9738908,245.2266553,,,,,,,265.1981777,164.2758046,,287.0896398,169.3130628,167.459334,335.0980224,165.359034,,,92.71619019,123.7106092,191.2472741,425.7309461,312.9770302,,925.1644852,105.8604384,322.0542009,257.9953968,354.4192623,216.5978962,89.52436832,129.3665545,129.9558253,111.6369703,128.8067933,15.7012026,411.7265319
2022/8/29,,175.9727283,224.4952776,310.0954219,,,,,,,237.5616942,270.1013301,,224.7222402,200.4709027,362.2851791,334.6286868,357.0768574,,,166.4278731,403.5350692,203.0285035,189.9836648,234.8303908,,512.0202768,252.016457,209.7933166,164.2519019,210.5364721,224.3120416,151.5136492,194.6015604,177.608029,151.1547066,209.082925,16.35839666,220.5964657
2022/8/30,,435.173493,132.5993777,147.9989362,,,,,,,261.2944482,254.4503496,,317.7229865,201.9441657,441.9918252,185.0959928,223.877097,,,240.2281862,527.3669834,230.2730807,114.9842881,141.1672324,,268.2405083,234.1569771,260.0264499,126.1963948,158.5508808,249.4521138,190.8598478,596.9342813,157.7571986,143.5179125,236.1035101,16.59411738,141.8564826
2022/8/31,,643.778081,169.211944,127.0952357,,,,,,,229.4110994,219.4005419,,379.5179943,351.2847654,342.9007873,126.8010132,197.2579516,,,301.293238,618.6332763,235.6009883,124.4924391,187.3275977,,231.48923,140.1634207,337.447889,158.1607004,164.589319,259.771108,226.856955,486.1952077,176.1327246,160.2704677,143.7824364,16.48563673,144.3119131
2022/9/1,,300.4548199,223.0459208,152.8555425,,,,,,,204.2585495,200.329362,,189.7955272,187.1303896,264.0040236,189.0691233,182.4025513,,,232.6533601,348.2598675,195.0883585,195.1359911,251.1214978,,346.5726805,149.9228415,498.4808665,239.9107584,236.402181,217.6736939,185.4113251,233.8521182,186.1057955,157.792005,189.2385552,16.23702609,245.5464794
2022/9/2,,142.6334553,324.9034082,,,,,,,,245.2319907,273.3613402,,166.7104206,173.6049565,204.5493423,276.5564856,170.3415728,,,133.3636297,158.7298936,151.5087088,,320.8214012,,588.2161891,164.7164795,529.7408606,309.5449488,275.4476384,180.2999021,137.4471851,166.44959,156.7765398,126.9067246,180.935348,16.06645081,383.7632871
2022/9/3,,173.1745533,329.8635385,,,,,,,,192.4086493,266.9684961,,168.3082296,208.3080411,215.4808899,321.6705039,225.719378,,,147.1106397,219.5422468,106.2638777,,338.1238909,,567.6997762,191.9810736,247.7187954,214.9664846,258.6039822,131.4195982,156.4736404,204.1838834,141.7278501,123.1207109,201.0613338,16.33933366,350.7603308
2022/9/4,,304.5901314,177.9802534,,,,,,,,132.9964403,286.2220795,,199.4527829,251.409088,512.9042298,176.478305,407.5956341,,,237.9419573,460.4553422,137.9474546,,152.087167,,459.6126636,323.393459,271.5673782,157.3180583,197.6133292,160.6083394,267.3055664,495.2307536,117.48875,106.4852444,266.6823939,16.49349763,196.7955697
2022/9/5,,253.7813126,235.0397403,,,,,,,,134.847468,330.1247596,,331.4877119,211.3602582,442.3075158,208.7712885,335.5256788,,,272.1277611,394.718062,126.6135172,,221.3912034,,405.4760749,251.4885855,430.4005906,226.2437198,316.823866,152.9858275,237.6938902,409.2171022,106.744998,86.42001888,298.5097341,16.57310325,237.5345598
2022/9/6,,208.5644282,311.4601623,,,,,,,,134.0825717,354.0914564,,270.7308632,276.6013719,374.9326067,213.5764595,314.3185258,,,224.7208236,333.1553628,229.1128347,,221.6144401,,444.0764008,235.1497154,310.6607924,218.6816862,319.3817494,245.7124017,202.810123,394.8783629,188.8720062,140.1272195,319.0967415,16.36370175,224.6099885
2022/9/7,,149.6718667,376.0662663,157.8290279,,,,,,,127.360753,305.1617197,206.491126,277.3789154,299.7641755,293.6192074,192.6106604,194.4748028,,,133.5999489,190.9737221,163.8283354,184.0920042,289.7056261,,381.4201992,162.196348,427.4604743,249.3960398,331.0411833,187.0415178,138.0094987,216.1745764,227.9191122,171.2939715,235.0477084,15.61598053,216.0098279
2022/9/8,,247.9895102,262.3526609,148.1957619,,,,,,,120.877768,410.7545349,222.189885,436.1400153,210.8348422,439.360728,150.8880422,255.941015,,,230.2281113,366.4096414,145.6359969,170.6151793,246.0745972,,288.9501667,191.0703789,677.3535144,238.3314001,311.6557029,169.0774043,190.8804461,424.4728882,183.4773923,153.3835954,284.4367608,15.47177638,180.0332432
2022/9/9,,352.6912696,251.8805709,139.099631,,,,,,,116.8658784,281.009194,186.6722427,287.5111741,321.0721883,372.7299244,134.7235395,212.9811447,,,186.5984709,441.2478426,174.9513226,,160.4430161,,238.6610596,204.7533753,,171.106458,190.3167866,195.63544,198.0983741,528.4998896,168.8951018,121.32261,271.0906552,15.79377972,154.5357821
2022/9/10,,199.9826479,265.0557763,254.3031172,,,,,,,131.721528,230.0891,222.031783,211.6801398,174.9003731,309.472004,224.3559901,372.7067191,,,166.691737,322.9655984,255.5982532,,267.8115514,,443.9604586,249.1752237,,258.6048972,233.7447654,271.2596585,172.0948696,416.2749194,177.9393804,119.9198689,187.0213541,15.90167677,205.7778443
2022/9/11,,272.9383881,222.5920016,208.7330855,,,,,,,128.3657862,215.4828244,171.8869157,214.0521361,148.1082496,426.8598039,182.3547868,310.8220712,,,196.3953969,467.1001986,223.8750716,,206.0704732,,431.3466522,371.9627393,,234.1691969,240.090694,239.3504779,262.3225288,474.3597297,166.9508768,125.5664694,223.7779017,16.00300254,212.8470577
2022/9/12,,209.0776931,253.5869252,187.8874122,,,,,,,130.8536822,387.8281785,216.2009541,318.2383099,211.2032372,490.9068549,186.012054,313.7820379,,,223.1519986,332.7174138,177.7296256,,206.1109073,,360.2859558,271.6911986,,221.7698293,289.4566008,196.2341192,210.5526796,303.6607415,142.4260963,106.0140317,276.0588758,16.09031084,233.4737829
2022/9/13,,168.3074802,355.8582356,322.3425225,,,,,,,149.5290966,236.9299522,213.6146753,179.0760903,183.2446728,290.2990166,276.1019129,216.8547768,,,162.8208565,182.8096902,108.6440539,,339.0143373,,635.9329076,195.9037865,,260.3058274,320.3400263,129.6613958,159.0137643,202.2446863,142.2934836,122.8032703,191.9909788,16.16297318,
2022/9/14,,112.0023194,271.731786,189.627256,,,,,,,137.9902728,169.3804769,177.4777816,126.6519212,149.803604,168.3562544,334.7783068,188.5279891,,251.2278303,121.9326468,124.0180763,94.94825173,,202.3049171,,450.5613099,120.2997501,,154.1299584,347.0968299,119.3737091,109.7119591,143.3532064,113.1786351,101.7364213,119.5562033,16.50052658,
2022/9/15,,89.85102264,216.2322851,169.2838334,,,,,,,130.8833857,193.7116006,207.7028079,140.0592012,147.0167671,198.3077799,211.6776999,182.8564753,,153.1038815,109.9013461,115.5692257,113.3659279,,160.1576095,,230.557847,106.0271242,,124.210672,238.374395,140.4082441,90.96025912,122.7927839,119.5681429,110.351914,132.359468,16.89155944,
2022/9/16,,221.396249,227.9498247,195.2729604,,,,,,,128.0358143,246.7967684,192.6015524,240.4563448,161.6984678,277.3461519,187.07671,293.7510294,,161.7959832,155.136744,374.071685,184.7361672,,195.1165624,,340.6030833,288.1594593,,208.7906208,284.100756,204.0260089,185.7844086,401.4236788,157.249298,137.9282955,210.0952997,16.76978263,
2022/9/17,,233.8926578,250.0394398,154.8578065,149.3220425,,337.33404,,,,110.2373333,318.427873,216.3774912,325.4605039,296.1661763,316.6213208,147.3882592,235.7400585,,180.2313383,186.5688831,327.4887966,157.9132846,,228.1721355,,256.821563,169.5936358,,243.3677286,295.3926853,181.8814572,187.6661387,325.6574204,157.9831253,132.5828474,330.1604121,16.38986938,
2022/9/18,,176.808489,340.0653628,297.8685408,,,282.9457286,,,,119.6191413,256.8167064,210.7264109,207.9758994,215.4068177,270.0948208,208.6541389,207.3248797,,179.2051789,141.964345,195.8026356,,,313.5390791,,484.6488825,203.1577536,,322.6495972,335.9169429,,147.1453789,194.3278854,140.6895413,118.5572652,263.1491289,16.34241194,
2022/9/19,399.095116,102.4889569,296.8168526,206.0594782,,,130.7678971,175.8389633,319.346649,,139.2608562,178.6758652,197.2024439,117.443647,145.4199239,153.561587,233.1775073,212.7211519,,160.4024239,96.74098737,105.4536156,322.8418233,,264.1062301,142.4396075,744.1179175,118.2719165,350.937619,247.6177123,405.2934301,163.805482,101.8865363,133.2923671,147.336195,100.3233266,112.4234182,27.32634284,175.320327
2022/9/20,,129.6461693,234.0519499,188.4794548,,,152.3081779,,,,138.1535661,175.5985536,177.4719441,162.2881179,125.7525929,156.8143671,161.9606157,136.2852946,,120.1472027,95.23786668,129.2512195,,,216.1952226,,500.8738151,117.2486261,,266.6167317,316.6308035,,97.05492722,137.8383079,120.1148822,83.95417772,121.7665926,15.10263288,
2022/9/21,189.4295998,403.5913205,159.1418821,116.0107909,,,170.8163891,88.89859489,598.5012942,,178.86299,387.219074,152.069249,536.139527,223.5407362,343.9490042,115.6871468,222.4855298,,143.826971,194.8225786,368.3167956,,,154.9972499,84.41741807,183.2699217,112.9190622,,143.6058364,151.1483496,,191.777638,376.0186537,125.6395124,89.43082738,116.7309541,15.22321281,
2022/9/22,156.0729331,295.1665586,173.3458563,135.1786943,,,119.1107008,72.28877105,16.33598908,,158.2834882,199.2635134,146.0635852,191.1500634,232.3983296,527.1435423,126.2886913,295.9338404,,152.8532705,171.7262024,366.2980301,,,107.0380926,91.27178608,224.3897098,215.5865777,,135.2531915,163.107739,,220.6384063,214.2409767,163.8116704,119.9869665,192.7970287,15.70311566,
2022/9/23,160.5592708,83.97588938,242.3033851,190.6518237,,,115.0985971,71.91962592,18.70268641,,163.1832859,258.6955898,137.1656975,181.5120839,104.0463803,263.595503,158.9103921,182.8171571,,160.0909678,114.4507012,132.4136901,,,151.9448479,84.66613821,405.3913172,123.1912359,,211.9781699,346.531847,,110.5270694,165.3352467,176.3137347,136.6653297,117.3440565,15.26225319,
2022/9/24,204.8515797,271.4863871,177.7506066,135.0289873,,,145.0608055,95.80536966,25.20808078,,145.928348,305.9229027,190.3678135,327.2379165,312.0413301,398.5695106,118.5636056,325.3772946,,182.1375589,277.4524465,419.8233088,,,148.7092289,121.161994,338.5639921,140.3426956,,157.4048805,191.1873729,,242.5503947,466.4122232,129.1832648,85.85264468,56.26084516,15.06068369,
2022/9/25,287.2509627,532.9411162,221.1053106,,,,204.1281193,160.8527132,63.97325255,,133.8125926,362.83658,190.1515899,362.6303149,377.3284474,386.4465316,137.4563539,436.0690316,,172.4673609,291.8967215,549.9184727,,,175.1878786,245.6320676,208.389415,217.8111912,,173.7919384,191.4306249,,242.8229602,484.601714,136.2484518,97.84178322,61.79334587,15.43882313,
2022/9/26,235.9013819,240.8382708,378.6928977,,,120.8950001,135.3786189,94.25937154,55.96435214,,134.3370532,378.5607424,224.5721858,345.5499522,258.0281816,388.8981834,127.253356,189.7560112,,214.5193363,149.3233445,256.9716592,,,226.9004175,133.1228372,397.341654,137.7260479,,210.983177,268.2329878,,142.9200568,292.0409353,154.8411315,121.355094,18.00387293,15.74710644,
2022/9/27,145.4346871,242.3713913,261.0825273,,,122.1681644,125.8605776,92.41579711,41.05210555,,171.2126614,188.2334348,159.8342957,195.1730386,272.9165796,236.1457263,130.3138488,202.1055559,,181.8377517,147.917821,389.3406563,,,150.9043386,122.0833201,347.0262944,140.9921784,,173.3836945,271.2500202,,144.8901269,287.3160348,121.5515473,92.90570751,18.25179629,15.68029238,
2022/9/28,137.8219051,386.3293334,283.9853205,,,93.60543136,97.55593906,66.0481391,26.68125303,,146.5634461,421.3315128,256.0507078,426.3781045,332.4884849,408.8263229,141.8506188,304.8468888,,184.4792711,186.5748074,540.1109052,,,331.0694203,78.11986123,214.6715723,154.8636974,,232.4297618,204.3973266,,214.2436799,405.3047229,216.5271016,179.618505,17.98742422,15.90249203,
2022/9/29,201.0398001,388.9073501,394.3835535,,,120.1260812,140.920384,107.4026158,49.12988683,,108.8424986,279.7460121,288.2162829,401.1769001,318.0530908,356.8666651,123.0716636,260.8733507,,179.0480489,209.7238127,507.1368933,,,164.5883973,161.9233582,184.7457913,143.7131878,,222.6308561,225.1672007,,195.5556619,573.7216114,171.8813744,141.8554393,17.78797135,16.30839822,
2022/9/30,112.6760507,335.8808111,471.7471606,,,77.54638682,81.71423492,54.47579218,27.71649436,,142.4633248,350.4211892,278.6916307,464.290213,214.8271302,460.7567534,162.2375243,222.3475877,,175.2538253,206.0498306,333.4630204,,,304.4445163,63.54331025,239.000656,160.9026326,,282.1122577,273.8096233,,189.3637261,337.3088152,165.6376272,136.6864052,18.47593498,16.34368391,
2022/10/1,206.3983999,180.0814663,262.565006,,,150.1194169,149.7989205,135.1246912,66.09774236,,124.1226034,192.8338202,202.6588571,242.3437622,210.2901737,229.3047009,238.1257007,229.7865024,,170.8005025,131.3337709,186.2331368,,,244.8141607,208.8114497,357.0891811,168.4228671,,208.5905268,341.7976154,,144.9472207,185.6935814,187.8916862,157.8540786,19.23136101,16.30962438,
2022/10/2,227.0078415,123.5902874,296.0959658,,,201.180209,201.5062548,193.5784604,98.31270596,,133.9418388,160.8428599,156.8474198,146.4665925,136.9900808,145.3580832,317.1710733,163.9891474,,188.6799543,111.0083994,145.6590049,,,284.2357415,315.3729439,609.9165261,131.8403582,,281.9008836,419.8125561,,122.6501493,155.1926245,190.6045011,141.7845919,19.270256,16.56546959,
2022/10/3,397.0043612,109.5981596,296.1072417,,,256.8377884,261.7924838,254.0901583,140.9914425,,338.1203686,169.1427014,162.4551247,161.5833569,143.5971717,138.2192652,289.7022873,177.038066,,164.3552928,107.9545627,132.1148043,,,297.4995849,432.3351698,457.0237813,117.1519738,,184.4306296,389.0141111,,111.7925612,144.8198608,216.4969608,135.3863629,19.98178948,16.53320659,
2022/10/4,194.5253402,22.19933372,253.2725875,,,127.9193585,123.1238037,104.6831899,59.88804178,,266.5212257,80.36091478,112.0765279,153.3815257,86.75658907,56.57174306,243.7462003,143.1779979,,126.2831534,50.2587979,58.10947159,,,219.1916456,161.4735743,442.3531755,37.7534372,,146.5465435,437.7079103,,35.21727944,71.85365656,151.7668976,122.857727,17.26390994,15.53983613,
2022/10/5,173.6939983,63.55160159,304.2936719,,,135.6720458,130.617321,106.0728176,40.6814415,,91.32499426,233.291716,,179.5876802,163.642131,201.6157052,332.1445407,221.7623994,,,137.72726,181.2745592,,,335.0702908,144.9169026,772.8617265,121.3914654,,598.6320036,292.669707,,94.96376532,150.2364785,154.9087775,124.7635565,12.52181333,15.19744971,
2022/10/6,204.9243539,248.7505092,192.8824438,,,153.8382502,151.3115225,121.2397014,49.33176974,,138.2050476,221.87837,,273.9659408,227.6015023,470.6947137,233.2101009,246.0579965,,163.6793803,261.7117266,462.819315,,,204.5472832,179.416849,626.4178354,268.3864995,,200.4789471,227.2173873,,226.4990955,360.7723974,172.1215701,138.8970173,16.37129581,15.18042659,
2022/10/7,360.1185829,278.5263791,180.0648543,,,259.5160249,255.1190406,224.1825076,56.34097141,,588.5519766,205.8970306,,308.472406,424.0969962,417.9353822,135.4423076,228.5368392,,157.3186603,304.4439644,549.3382055,,,196.4832792,386.938272,189.0352378,151.4554555,,176.9692283,181.6599435,,217.4895335,390.7830556,173.3068082,144.8210059,17.69951165,15.14942516,
2022/10/8,265.5125344,239.9940033,95.77126941,,,184.8058228,192.4408924,146.9951925,76.06688149,,395.487615,164.8119728,,284.1891155,380.0349154,330.7138783,102.880295,360.9492507,,173.3899636,399.1845982,518.2943217,,,86.33056238,244.7389431,129.7852861,119.1590629,,114.4285046,126.8233093,,204.5136969,306.7488425,144.2334321,113.1201286,18.59408893,15.22617113,
2022/10/9,216.9917963,216.7581569,117.7654336,,,152.9309992,152.7914843,127.054208,42.79295252,,357.9566307,229.8617073,,199.4553645,135.7120226,388.1571691,198.9908164,402.2131468,,121.9888682,212.6949782,274.5612657,,,127.8946538,205.1265256,454.4150278,302.6674122,,110.197976,148.4962545,,188.4913846,190.087685,138.9650156,111.9076453,16.96545644,15.39718469,
2022/10/10,167.3176534,83.70539225,161.8993254,,,116.344781,116.9984987,82.96890841,29.25166879,,229.1585182,157.3778736,,181.8796895,175.0139954,396.7498486,66.05613726,220.2979694,,1236.782194,93.4523343,162.3610164,,,172.5579851,124.7127186,65.84727767,134.6168738,,198.2227693,174.9342256,,107.6528234,120.4069556,106.6310272,70.2261738,17.88170235,14.9667381,
2022/10/11,244.8368755,160.9975929,168.6133672,,,170.0110305,169.1781137,134.4985375,31.65445559,,449.4164235,209.7222383,,262.3754647,218.6817891,369.6345405,74.07692138,183.3953915,,328.5346508,113.1278306,165.2591229,,,138.9975833,209.9706812,165.9189277,99.0279069,,183.1090556,151.7605926,,144.6617083,185.2273365,131.5144822,81.67093073,17.66663755,14.95154341,
2022/10/12,303.5764796,137.7971802,202.0450614,,,220.7305936,216.1194128,179.3276722,50.25986748,,230.7141017,200.4088109,,256.8492577,187.3845395,354.8128095,82.81146994,164.972682,,130.1784713,99.57410128,150.2433206,222.839714,,149.4297154,300.7039418,158.4978669,87.32957817,,160.7769107,141.2837056,,96.38949764,184.060013,110.7932966,71.37473846,17.99009204,15.10434496,
2022/10/13,,119.8686499,183.4375055,,,,,,,,717.1585832,157.2968073,,166.8905254,129.7507736,229.045072,107.4090631,117.0777231,,111.6506986,80.28167053,129.9677261,119.7139998,,158.3689716,,146.34132,89.85877801,,155.6811476,200.2310353,,85.34701295,131.5716281,104.1204501,66.68428881,18.63249244,,
2022/10/14,,171.053703,187.7632714,,,,,,,,1098.578713,226.5414533,,200.5572529,193.5411066,291.1703737,154.7417547,190.017639,,113.0587727,163.4615682,194.7421756,140.811842,,171.9843994,,184.4809995,168.99183,,175.3740291,209.593451,208.4035581,161.5161776,192.3074413,132.6364019,83.66775288,18.64481403,,
2022/10/15,,279.0836678,217.7059834,,,,,,,,1080.203638,298.2830822,,372.967131,192.9465055,471.0873979,177.1226389,181.1611721,,122.5399239,250.3578304,303.3303189,208.9247235,,213.3226425,,139.5573553,171.6777997,,184.0921321,232.4264884,239.1056731,193.2249368,214.8535012,128.4921983,,18.46009867,,
2022/10/16,,192.5615405,202.511062,,,,,,,,1082.227208,249.829102,,274.6376283,181.4210642,242.2952166,217.8430261,179.2278579,,144.2504781,154.5964843,203.4741061,211.5504954,,188.664763,,33.53222531,141.5437477,,153.6453527,321.4882877,236.5197308,155.7515495,182.6200326,147.8944484,,18.63947049,,
2022/10/17,147.7724427,19.13212386,111.0906585,,,,111.5391813,,92.58439167,,543.3013702,76.82895476,,83.03178261,63.37488462,82.48917481,141.1215833,92.00803832,,101.3540499,38.9390274,37.13152398,67.33558716,,91.89067015,84.96589512,214.0914377,48.82984441,,85.52803915,212.2091774,112.2248374,33.55004279,63.27501835,111.4352192,,17.93588244,,
2022/10/18,227.3166035,185.5275473,157.2062269,,,,158.2182259,,54.18637181,,1214.683845,183.6002913,,216.3612742,157.0171765,322.6558774,61.334726,101.1293925,,,91.04091751,,56.07022713,,225.7966172,179.7264758,34.8185138,58.99058513,,171.6543154,120.6528988,109.0421557,99.43691329,216.5199463,105.0498861,,17.65657535,,
2022/10/19,,163.8600377,545.5390539,,,,,,50.80083118,,252.7052056,205.3408604,,218.9722872,107.8967306,,67.24943769,103.9840751,,,93.80159243,,56.99845123,,148.5426465,,25.5697579,66.63592798,,169.9146277,211.0832155,100.9519801,85.32570125,162.190396,102.887239,,17.63482134,,
2022/10/20,,140.6344007,313.2454506,,,,,,39.5158555,,179.6223829,211.8295165,,247.5569359,124.3458071,,73.25255986,,,,84.17403853,,83.4479202,,178.4485121,,52.85972478,63.62355928,,186.6674212,203.3713654,123.2549749,,138.8835869,117.3753621,,18.16162194,,
2022/10/21,,129.1386563,220.969647,,,,,177.6094547,37.5573413,,532.1767123,203.4754764,,250.8543809,169.6634482,,98.90709657,,,,111.7470223,,150.0427333,,202.4777948,,76.0708041,134.0177292,,180.1206483,190.5918994,182.2282896,,155.9635246,141.9453677,,18.5274509,,
2022/10/22,,149.7333503,227.4175663,,,,,117.0988032,41.83603648,,441.8352467,219.6859107,,197.4095999,137.1862127,,212.8389897,,,,147.9999799,,236.4792294,,185.4158688,,141.2376563,177.1252315,,167.2491857,248.9431152,295.8322902,,184.3093317,215.854188,,18.24053735,,
2022/10/23,,136.4584751,203.2472787,,,,,107.3146164,39.04936999,,367.1633158,209.8911133,,193.7053908,154.2171865,,170.1813044,,,,137.3573976,,266.9425248,,172.821861,,161.5598396,126.7374025,,164.1442856,184.4401602,262.2168118,,169.8923183,144.4589496,,18.32735852,,
2022/10/24,,202.8141554,310.9625407,,,,,80.33399326,27.50123976,,621.7149418,250.911049,,232.7402055,182.7237022,,100.2710738,,,,101.3654075,,117.5319802,,281.0518672,,110.2061831,115.89566,,254.1328325,212.7263587,155.8545902,,213.0294123,108.1860476,,18.21840119,,
2022/10/25,,114.9851479,387.6857022,,,,,92.50914763,36.79650011,,167.7043561,223.5578844,,298.744705,175.3649231,,84.64173953,,,,82.1062668,,69.94059404,,203.4732447,,28.98349409,84.59497095,,192.1130477,226.813873,117.4372433,,135.0093549,104.1870586,,18.08962,,
2022/10/26,,91.58638772,346.2516738,,,,,80.55368264,29.51653001,,99.14896274,161.0677737,,198.8751923,175.8215802,,102.1874859,,,,79.1584481,,85.8251398,,150.7730105,,137.4755031,93.53853443,,155.8084698,182.9464751,145.9687537,,125.949029,114.4003078,,18.51879332,,
2022/10/27,,62.69720832,145.1965465,,,,,92.96951032,30.06448564,,103.964563,115.9171755,,119.9051046,112.1423354,,233.1999641,,,,69.12741525,,133.8594861,,113.4265578,,249.2461887,77.60024527,,95.41826341,344.937369,186.619653,,103.1339276,91.98265118,,19.10210087,,
2022/10/28,,50.80768392,129.0755159,,,,,69.61108966,17.82190119,,115.8375853,91.86948601,,106.7656909,84.08560566,,167.6233552,,,,59.51926964,,80.14828301,,94.38547305,,40.73614263,75.58156433,,88.27851028,248.8458204,129.7611581,,94.33049665,121.3774158,,18.93218769,,
2022/10/29,,81.35882525,163.294189,,,,,92.22237195,25.84791177,,128.6367594,124.9688277,,122.6159157,110.1679843,,186.0096633,,,,74.0804096,,102.9986076,,113.1365598,,,90.91351217,,104.2644962,206.7898173,143.2734545,,118.3935927,85.81108873,,18.53043337,,
2022/10/30,,111.5125337,181.3556567,,,,,165.5843356,54.40619118,,118.6226927,173.4959553,,162.0557172,142.635899,,155.4427073,,,,106.68669,,143.4051785,,145.1680563,,,124.705923,,142.024084,170.1144928,186.7242839,,153.6807139,170.3668005,,18.92529813,,
2022/10/31,,152.9418906,211.318159,,,,,145.5737229,46.6585629,,124.9595839,220.9567026,,183.9374171,200.7342255,,175.866711,,,,149.3057518,,227.9017367,,176.6761375,,,190.5766795,,157.896365,235.427254,267.4799087,,197.8580176,120.3164374,,19.03846416,,
2022/11/1,,169.9994371,305.5047209,,,,,98.78059472,35.71682168,,131.122271,240.0454573,,225.992743,262.9654647,,197.062273,,,,139.9997259,,121.4658125,,223.1494801,,,160.8087751,,207.8984784,253.1002778,164.1111268,,186.6176852,134.5447797,,19.10479928,,
2022/11/2,,164.4067128,299.4949575,,,,,124.5342055,31.53848247,,91.14699818,224.4960559,,344.2501813,139.8130317,,96.2765909,,,,91.46800056,,146.4054079,,195.0136002,,,93.48235599,,184.68022,237.9471493,204.4359999,,186.9753752,113.6523956,,18.84259661,,
2022/11/3,,55.48292575,209.5038303,,,,,136.5803268,46.82182779,,89.75994561,108.7012819,,145.9616264,116.286563,,197.8653147,,,,55.09307438,,106.8772314,,117.7486729,,,65.07139441,,105.8688372,257.696428,166.40319,,95.42493769,109.0113549,,19.52592898,,
2022/11/4,205.3291003,52.5018269,141.1872485,,,,,,47.61967094,,73.57192465,126.6993174,,121.5962805,93.53547443,,133.1854251,,,,59.04231452,,37.69972555,,121.2640423,,,61.7638628,,108.20393,136.882773,96.49741667,,89.84367708,84.27060879,,18.40158399,,
2022/11/5,124.6528434,162.3364927,469.6112299,,,,,,35.54885206,,61.11803637,233.7334442,,354.330912,124.7125467,,63.1617744,,,,91.66953721,,49.21969935,,141.3917874,,,57.75332792,,176.5007475,226.5595495,95.80972407,,183.2298301,91.03594004,,18.22397547,,
2022/11/6,135.760939,220.1703946,232.4872674,,,,,,43.52410211,,71.32721122,195.4545913,,260.2060706,180.877193,,81.19225265,,,,135.9528588,,50.15538544,,225.8239769,,,79.0341286,,172.5169901,155.2052551,107.9548935,,222.4041688,98.18597804,,18.6145211,,
2022/11/7,189.2841306,146.3312792,273.0219586,,,,,,60.60295999,,132.4057607,188.5503348,,186.0065389,181.559577,,320.9842988,,,,110.1819611,,167.0207083,,211.9475907,,,130.8522754,,187.0853982,398.7810083,236.395383,,173.5722334,170.6946076,,18.99963956,,
2022/11/8,190.4539959,139.0865912,313.1140698,,,,,,84.08963484,,163.0094147,177.7954353,,172.5249897,183.6358811,,290.3779094,,,,118.5021051,,170.9512721,,208.2958902,,,148.9689094,,193.853365,222.5755665,233.6614793,,174.7095085,192.5877478,,18.61622692,,
2022/11/9,169.984523,146.7787406,,,,,,,71.30993652,,134.0797466,187.4157082,,190.6111826,196.9638725,,257.0817396,,,,123.9864799,,141.3276934,,225.376162,,,160.2225063,,196.2082678,234.2861761,195.5465773,,179.2542364,142.002506,,19.36753592,,
2022/11/10,180.3233429,163.3546729,,,,,,,92.6595576,,192.9761591,207.3157829,,196.9797521,207.0366664,,366.8045935,,,,142.1315117,,149.6919989,,258.8752487,,,175.5118891,,278.1042379,356.3529219,183.9154144,,191.7199122,198.0699963,,19.9827841,,
2022/11/11,175.1096989,232.3916618,,,,,,,84.28329299,,608.0572342,256.1080927,,241.9791978,241.3803737,,349.5053714,,,,181.6946274,,121.8963411,,304.9577068,,,229.5954331,,349.3433603,387.8189802,170.8437927,,247.9967477,153.9129681,,19.97459139,,
2022/11/12,137.2440709,78.17171452,,,,,,,70.53560273,,548.5284478,131.6095803,,117.4827134,109.7007633,,159.059457,,,,88.88612654,,56.01067511,,123.9386872,,,247.5510338,,100.1169397,132.1125831,113.3732729,,121.2921752,151.0529573,,19.38759795,,
2022/11/13,44.9090635,12.05939095,,,,,,,23.01170745,,630.3335949,45.00119216,,61.11098528,51.93344454,,101.7925893,,,,22.40216881,,34.54265863,,98.82273238,,,25.81943404,,81.20770495,120.4067068,92.86594881,,28.67128994,68.05321713,,18.33579818,,
2022/11/14,67.54846094,127.6619895,,,,,,,39.79297979,,290.0437377,92.2875024,,216.7075107,182.3468442,,62.45441959,,,,84.95650459,,13.00240242,,65.68752598,,,50.87778228,,75.898133,82.10485639,72.84790213,,398.2246684,89.04454275,,18.68147283,,
2022/11/15,127.6205027,212.8407947,,,,,,,28.6811741,,360.6664172,156.8691744,,228.2565096,126.4354462,,136.7075766,,,,110.7119895,,42.71585207,,152.8702761,,,142.8645338,,172.4510139,209.7341401,111.419444,,266.8839104,125.7731206,,18.0679335,,
2022/11/16,124.3310461,200.5045628,,,,,,,48.84008684,,361.3168063,190.2655831,,349.3036466,154.7132514,,75.95474384,,,,95.25049869,,54.00104261,,175.6867842,,,76.58816215,,108.8990365,130.1871481,116.9390554,,302.920767,225.847146,,18.74474578,,
2022/11/17,146.3715075,172.3387244,,,,,,,25.98139325,,133.6191407,142.3750037,,231.1805181,218.4179563,,99.8402598,,,,96.07103373,,70.21353349,,141.7585315,,,87.28819232,,172.9352892,207.8372546,111.4514655,,201.8428183,64.66097163,,18.65641256,,
2022/11/18,89.40232208,107.5046713,,,,,,,29.37057783,,149.5557808,141.2942078,,147.5259608,141.1056539,,203.7367426,,,,112.4539862,,24.88802584,,212.8253226,,,101.8178541,,227.5120262,269.9771497,81.44469807,,137.3754408,119.5447367,,20.18608311,,
2022/11/19,141.6243113,164.668237,,,,,,,36.75446223,,424.6251543,182.2727069,,193.4212783,186.4732111,,200.9174667,,,,140.516314,,82.68596287,,198.9741363,,,165.067074,,167.5833061,233.8837442,142.3308861,,256.0693052,131.2309875,,20.21002293,,
2022/11/20,147.3656351,164.0314961,,,,,,,42.4018676,,822.6248964,172.7482334,,260.5742082,178.4305431,,151.9581878,,,,121.389865,,102.7725468,,208.6979776,,,102.7786727,,196.4790468,187.9723957,168.4299189,,202.1357957,137.7694377,,20.06762177,,
2022/11/21,175.1352023,166.0330856,,,,,,,61.23757851,,367.8038659,193.6724354,,194.3845227,191.0027512,,296.9314551,,,,132.4040789,,100.2025018,,299.3603461,,,144.5254058,,329.5195077,455.6370959,161.5568518,,189.6580613,142.2832729,,20.33860301,,
2022/11/22,145.7079043,102.7352595,,,,,,,43.16941489,,665.5358716,157.5799217,,275.0173832,166.1810653,,208.9086739,,,,95.08796945,,109.0464427,,302.4344447,,,101.6381433,,162.9502453,226.6006725,172.3517268,,140.7736525,100.6386669,,19.89642864,,
2022/11/23,192.746585,287.5115637,,,,,,,31.87799833,,549.2280208,217.5235951,,311.5346343,409.8484359,,164.7251725,,,,159.1602384,,128.5871762,,195.1814166,,,163.867382,,172.2711774,193.2763634,194.4823099,,489.9214018,100.0937196,,19.63631996,,
2022/11/24,167.1276352,283.6290433,,,,,,,80.93403892,,547.9012712,237.3610558,,325.1938013,287.1893566,,142.4896641,,,,149.5408397,,111.1151249,,222.7270116,,,133.5862979,,153.9326801,183.5651245,164.4976405,,577.0315627,132.4251529,,19.74667745,,
2022/11/25,205.6334318,255.9935563,,,,,,,75.30686876,,404.4746542,231.8805645,,251.1646519,314.4323912,,175.6510932,,,,171.4802269,,120.5138395,,189.3549343,,,188.2110366,,191.3951884,208.3432756,185.1011541,,414.3654909,170.2236109,,19.35452713,,
2022/11/26,166.7437984,15.6902295,,,,,,,32.21316551,,522.6008021,44.87819068,,106.3955026,52.7551683,,126.4630028,,,,27.81949069,,170.3467754,,153.7285386,,,34.3347681,,189.8609198,319.2833109,229.9578167,,81.25378615,167.428236,,18.391776,,
2022/11/27,128.0506433,,,,,,,,19.80953722,,318.5130998,,,,,,,,,,,,111.9735073,,,,,,,,,176.1441757,,,102.5479357,,,,
2022/11/28,129.2120976,190.361684,,,,,,,60.6964902,,483.5022899,266.7888326,,177.0609171,218.421679,,286.7664374,,,,136.471543,,88.7800055,,233.6437543,,,183.7844299,,214.2575074,169.2481876,154.802811,,232.6205185,125.3933872,,18.97517483,,
2022/11/29,,,,,,,,,27.99952751,,260.403927,,,,,,,,,,,,,,,,,,,,,,,,133.8216202,,,,
2022/11/30,,,,,,,,,13.89101237,,,,,,,,,,,,,,,,,,,,,,,,,,,,,,
2022/12/1,,,,,,,,,14.31411157,,,,,,,,,,,,,,,,,,,,,,,,,,,,,,
2022/12/2,,,,,,,,,18.21589129,,,,,51.2864485,,,,,,,,,,,,,,,,,,,,,78.00566732,,,,
2022/12/3,38.9009905,,,,,,,,31.01968776,,,,,,,,,,,,,,,,,,,,,,,,,,,,,,
2022/12/4,,,,,,,,,15.46856202,,,,,,,,,,,,,,,,,,,,,,,,,,,,,,
2022/12/5,30.89021045,117.5897055,,,,,,,18.72212392,,,103.9633596,,133.6129097,187.3360104,,72.20396923,,,,50.05146503,,21.28866196,,88.15243708,,,,,86.07146879,,71.09115625,,151.0862268,96.20410675,,17.60470642,,
2022/12/6,66.91878189,,,,,,,,38.73235293,,,,,,,,,,,2367.194041,,,32.43571975,,,,,,,,107.6308172,96.7151825,,,125.9028546,,,,
2022/12/7,65.71999159,106.7159572,,,,,,,43.67993843,,,120.7421228,,369.3353939,132.4724466,,59.70236978,,,2285.832347,74.86816414,,33.01444348,,97.381364,,,51.88170725,,89.71240659,126.6425404,79.7793065,,163.5421056,112.7081042,,18.48301402,,
2022/12/8,103.937908,169.9421318,,,,,,,61.68765253,,,185.945808,,228.6422403,168.9990104,,183.3427371,,,2277.639559,122.8767974,,32.5125835,,223.8566879,,,136.7341873,,184.6947371,255.2886812,86.04387217,,209.0838524,164.2839134,,18.84925613,,
2022/12/9,229.8065284,,,,,,,,76.46715206,,,271.2198114,,240.9843038,268.3248756,,297.637904,,,2436.72494,188.2389323,,147.0297411,,301.6640398,,,,,261.3863649,389.258744,232.4776827,,292.0447279,107.1951201,,18.67441567,,
2022/12/10,,,,,,,,,60.33686349,,,,,,,,,,,2556.543907,,,,,,,,,,,321.6027115,,,,135.0625775,,,,
2022/12/11,,,,,,,,,15.4477987,,,15.2832195,,52.9653075,44.753205,,,,,2633.770949,,,,,,,,,,65.42856522,,,,,35.70296328,,17.2020345,,
2022/12/12,49.81649093,23.98104506,,,,,,,17.59218483,,,33.70596276,,38.06132521,15.78616985,,26.44361014,,,2437.462192,15.72739471,,12.62884439,,17.05851608,,,20.325124,,23.85992598,81.540126,57.46084483,,20.329323,77.41454138,,16.91989916,,
2022/12/13,49.24552985,15.0317482,,,,,,,25.1499139,,,68.7088789,,61.30565076,42.40768331,,91.85591707,,,2666.574788,17.00353003,,17.04341185,,88.97762025,,,200.7355725,,127.3014265,,27.50593096,,41.38146658,73.00749013,,17.1626499,,
2022/12/14,28.00683608,,,,,,,,23.23233904,,,45.83913375,,61.46307219,172.9060576,,16.22808238,,,2764.040034,14.452288,,11.8591474,,16.492477,,,,,21.2525255,,44.61031025,,13.9001335,42.56166981,,17.14959778,,
2022/12/15,,,,,,,,,35.25487197,,,,,,,,,,,2532.305152,,,34.450309,,,,,,,,40.0054035,,,,82.57173258,,,,
2022/12/16,,,,,,,,,28.76002701,,,,,,,,,,,2215.046712,,,,,,,,,,,,,,,,,,,
2022/12/17,,,,,,,,,41.93787254,,,,,,,,,,,2520.919011,,,,,,,,,,,,,,,,,,,
2022/12/18,15.3569286,,,,,,,,34.21687645,,,12.96523669,,126.0977161,12.46058088,,13.56089013,,,2195.037267,28.96659069,,18.06181194,,13.07191808,,,,,13.85523674,,13.697172,,278.8335136,16.56154244,,16.75882175,,
2022/12/19,55.79565982,,,,,,,,46.61321033,,,75.27363117,,94.72062808,59.79298875,,133.5964387,,,2433.709221,,,14.99797393,,,,,,,178.3962894,,54.26619867,,,78.65421104,,17.31004533,,
2022/12/20,,74.46575092,,,,,,,103.9470522,,,73.05933975,,167.6129768,67.00371646,,95.5430782,,,2382.922847,76.56180388,,,,90.07045094,,,81.614484,,76.402863,,,,193.8759338,66.98453547,,17.24173469,,
2022/12/21,36.23210951,48.63551946,,,,,,,144.9422917,,,48.9983166,,112.19255,24.17128745,,33.61138372,,,2257.546707,51.02794575,,15.32548239,,17.85347275,,,59.19676417,,24.95794436,,62.68991217,,14.38385713,88.19150139,,17.21373786,,
2022/12/22,,,,,,,,,185.6926292,,,,,,,,,,,2451.740185,,,,,,,,,,,,,,,,,,,
2022/12/23,40.34326281,,,,,,,,210.2962342,,,90.15046656,,90.06440992,88.42406456,,99.72438403,,,2590.792004,45.36635633,,12.24139435,,128.2640427,,,,,112.7011594,,45.90840648,,134.4265991,22.00940429,,17.27051306,,
2022/12/24,,,,,,,,,107.9981881,,,19.80371517,,58.98642975,,,,,,2641.893733,,,18.65671388,,,,,,,67.6612125,,15.066791,,,,,16.99390925,,
2022/12/25,,,,,,,,,60.00871803,,,,,,,,,,,2448.791827,,,,,,,,,,,,,,,37.51476677,,,,
2022/12/26,,,,,,,,,36.27241158,,,,,,,,,,,2542.821441,,,,,,,,,,,,,,,,,,,
2022/12/27,,,,,,,,,47.20901789,,,,,,,,,,,2564.436664,,,,,,,,,,,,,,,107.3629797,,,,
2022/12/28,,,,,,,,,38.75746516,,,121.1215867,,,,,,,,2633.607246,,,,,,,,,,,,,,,135.592857,,,,
2022/12/29,,,,,,,,,38.20164247,,,111.4958838,,143.808948,,,,,,2841.566817,,,111.987637,,,,,,,120.8007365,,185.0273107,,,,,17.71353133,,
2022/12/30,,,,,,,,,60.64288669,,,116.8062204,,171.3357519,,,,,,2655.19014,,,43.81632494,,,,,,,107.1937945,,107.364192,,,73.57251954,,17.94220817,,
2022/12/31,117.3410788,132.1332289,,,,,,,41.20498819,,,147.4773009,,157.2374005,,,123.8397054,,,2550.334006,99.06942672,,51.04284388,,135.355173,,,122.5714665,,140.6868251,,116.12428,,389.5929641,128.1459144,,17.59659054,,
2023/1/1,552 ,119 ,,,,,,,,,,167 ,,156 ,,,185 ,,,,87 ,,125 ,,,,,,,210 ,,446 ,,,,,18 ,,
2023/1/2,342 ,,,,,,,,,,,196 ,,184 ,,,214 ,,,,,,199 ,,,,,,,161 ,,393 ,,,,,18 ,,
2023/1/3,"1,080 ",164 ,,,,,,,,,,142 ,,153 ,,,161 ,,,,99 ,,306 ,,,,,,,165 ,,408 ,,,,,18 ,,
2023/1/4,772 ,206 ,,,,,,,,,,237 ,,228 ,,,241 ,,,,143 ,,257 ,,,,,,,209 ,,479 ,,,,,18 ,,
2023/1/5,865 ,281 ,,,,,,,,,,279 ,,330 ,,,296 ,,,,183 ,,577 ,,,,,,,231 ,,702 ,,,,,18 ,,
2023/1/6,477 ,97 ,,,,,,,,,,135 ,,133 ,,,89 ,,,,78 ,,181 ,,,,,116 ,,87 ,,355 ,,,,,17 ,,
2023/1/7,500 ,106 ,,,,,,,,,,115 ,,219 ,,,83 ,,,,86 ,,277 ,,,,,67 ,,110 ,,476 ,,,,,18 ,,
2023/1/8,651 ,170 ,,,,,,,,,,205 ,,194 ,,,228 ,,,,128 ,259 ,395 ,,,,,155 ,,203 ,,543 ,,,,,18 ,,
2023/1/9,697 ,54 ,,,,,,,,,,106 ,,129 ,,,157 ,,,,48 ,323 ,557 ,,,,,58 ,,172 ,,791 ,,,,,18 ,,
2023/1/10,111 ,12 ,,,,,,,,,,35 ,,62 ,,,38 ,,,,17 ,,,,,,,12 ,,64 ,,,,,,,18 ,,
2023/1/11,408 ,,,,,,366 ,,,,,,,,,,,,,,,383 ,244 ,,,,,,,,,501 ,712 ,,,,,,
2023/1/12,,,,,,,,,,,,,,,,,,,,,,,,,,,,,,,,,,,,,,,
2023/1/13,,,,,,,,,,,,,,,,,,,,,,,,,,,,,,,,,,,,,,,
2023/1/14,,,,,,,,,,,,,,,,,,,,,,,,,,,,,,,,,,,,,,,
2023/1/15,,,,,,,,,,,,,,,,,,,,,,,,,,,,,,,,,,,,,,,
2023/1/16,,,,,,,,,,,,,,,,,,,,,,,,,,,,,,,,,,,,,,,
2023/1/17,,,80 ,,,,,,,,,38 ,,60 ,,,38 ,,56 ,,23 ,174 ,27 ,,,,63 ,,,25 ,,143 ,138 ,,,,17 ,,
2023/1/18,83 ,15 ,32 ,,,,20 ,,,,,14 ,,108 ,,,13 ,,14 ,,30 ,42 ,60 ,,,16 ,19 ,12 ,,13 ,74 ,96 ,89 ,,,,17 ,,
2023/1/19,108 ,13 ,46 ,,,,27 ,,,,,18 ,,43 ,,,20 ,,24 ,,18 ,81 ,52 ,,,16 ,117 ,84 ,,14 ,38 ,162 ,90 ,,,,17 ,,
2023/1/20,,,,,,,,,,,,,,,,,,,,,,,19 ,,,,,,,,47 ,97 ,,,,,,,
2023/1/21,244 ,39 ,115 ,,,,67 ,,,,,77 ,,98 ,,,75 ,,85 ,,34 ,87 ,76 ,,,,106 ,,,53 ,,287 ,,,,,18 ,,
2023/1/22,370 ,,166 ,,,,89 ,,,,,112 ,,120 ,,,125 ,,104 ,,54 ,110 ,220 ,,,97 ,147 ,,,82 ,115 ,393 ,190 ,,,,18 ,,
2023/1/23,,,168 ,,,,,,,,,,,93 ,,,,,,,,86 ,,,,,,,,,135 ,114 ,,,,,,,
2023/1/24,,,,,,,,,,,,,,,,,,,,,,,,,,,,,,,,,,,,,,,
2023/1/25,,,,,,,,,,,,,,,,,,,,,,,,,,,,,,,,,,,,,,,
2023/1/26,,,,,,,,,,,,,,,,,,,,,,,,,,,,,,,,,,,,,,,
2023/1/27,,,55 ,,,,,,,,,14 ,,28 ,,,54 ,,19 ,,14 ,29 ,49 ,,,,97 ,,,13 ,,38 ,62 ,,,,17 ,,
2023/1/28,37 ,12 ,54 ,,,,20 ,,,,,21 ,,68 ,,,17 ,,18 ,,25 ,100 ,63 ,,,22 ,67 ,,,14 ,26 ,51 ,77 ,,,,17 ,,
2023/1/29,93 ,13 ,66 ,,,,32 ,,,,,56 ,,46 ,,,45 ,,21 ,,15 ,129 ,64 ,,,42 ,161 ,28 ,,21 ,53 ,88 ,90 ,,,,17 ,,
2023/1/30,192 ,195 ,101 ,,,,79 ,,,,,115 ,,92 ,,,43 ,,33 ,,61 ,,124 ,,,139 ,86 ,40 ,,47 ,59 ,211 ,215 ,,,,17 ,,
2023/1/31,,,,,,,,,,,,,,,,,,,,,,,,,,,,,,,98 ,,,,,,,,
2023/2/1,98 ,,99 ,,,,,,,,,,,,,,47 ,,,,,,,,,,195 ,,,,,,,,,,,,
2023/2/2,,,,,,,,,,,,13 ,,49 ,,,,,26 ,,,,166 ,,,,,,,,,140 ,,,,,,,
2023/2/3,46 ,32 ,71 ,,,,28 ,,,,,49 ,,70 ,,,21 ,,34 ,,17 ,,43 ,,,42 ,62 ,,,29 ,,92 ,168 ,,,,,,
2023/2/4,174 ,45 ,152 ,,,,46 ,,,,,64 ,,134 ,,,39 ,,103 ,,22 ,,43 ,,,75 ,125 ,15 ,,87 ,55 ,137 ,206 ,,,,,,
2023/2/5,267 ,103 ,114 ,,,,71 ,,,,,95 ,,214 ,,,67 ,,78 ,,61 ,,128 ,,,121 ,120 ,51 ,,65 ,112 ,343 ,238 ,,,,,,
2023/2/6,408 ,84 ,190 ,,,,91 ,,,,,114 ,,146 ,,,158 ,,112 ,,74 ,,242 ,,,125 ,391 ,69 ,,138 ,112 ,393 ,215 ,,,,,,
2023/2/7,503 ,102 ,189 ,,,,104 ,,,,,132 ,,148 ,,,176 ,,146 ,,74 ,,249 ,,,117 ,229 ,82 ,,148 ,146 ,432 ,220 ,,,,,,
2023/2/8,590 ,,177 ,,,,,,,,,,,,,,195 ,,,,,,301 ,,,,,,,,232 ,463 ,,,,,,,
2023/2/9,,,,,,,,,,,,,,,,,,,,,,,,,,,,,,,,,,,,,,,
2023/2/10,,,,,,,,,,,,,,,,,,,,,,,,,,,,,,,,,,,,,,,
2023/2/11,,36 ,,,,,,,,,,,,,,,,,,,,,,,,,,,,,,,,,,,,,
2023/2/12,,,,,,,,,,,,,,,,,,,,,,,,,,,,,,,,,,,,,,,
2023/2/13,,,132 ,,,,,,,,,51 ,,88 ,,,131 ,,,,,,13 ,,,,,,,,,50 ,,,,,,,
2023/2/14,59 ,12 ,109 ,,,,35 ,,,,,31 ,,72 ,,,90 ,,73 ,,17 ,,29 ,,,51 ,130 ,,,97 ,,98 ,159 ,,,,,,
2023/2/15,191 ,48 ,87 ,,,,42 ,,,,,47 ,,100 ,,,52 ,,,,36 ,,47 ,,,64 ,87 ,20 ,,85 ,105 ,137 ,176 ,,,,,,
2023/2/16,167 ,58 ,74 ,,,,53 ,,,,,58 ,,135 ,,,35 ,,63 ,,41 ,,47 ,,,61 ,64 ,21 ,,41 ,86 ,204 ,135 ,,,,,,
2023/2/17,274 ,72 ,160 ,,,,56 ,,,,,104 ,,194 ,,,54 ,,95 ,,60 ,,77 ,,,106 ,78 ,21 ,,78 ,72 ,286 ,124 ,,,,,,
2023/2/18,447 ,110 ,133 ,,,,75 ,,,,,98 ,,143 ,,,121 ,,101 ,,73 ,,220 ,,,95 ,183 ,101 ,,91 ,93 ,577 ,168 ,,,,,,
2023/2/19,146 ,21 ,50 ,,,,28 ,,,,,51 ,,87 ,,,22 ,,39 ,,35 ,,46 ,,,48 ,69 ,28 ,,25 ,120 ,129 ,90 ,,,,,,
2023/2/20,212 ,15 ,122 ,,,,45 ,,,,,46 ,,68 ,,,86 ,,61 ,,28 ,,89 ,,,55 ,294 ,20 ,,178 ,45 ,228 ,98 ,,,,,,
2023/2/21,70 ,15 ,71 ,,,,14 ,,,,,16 ,,61 ,,,15 ,,41 ,,13 ,,72 ,,,20 ,54 ,11 ,,34 ,225 ,65 ,31 ,,,,,,
2023/2/22,,13 ,47 ,,,,14 ,,,,,27 ,,204 ,,,14 ,,75 ,,15 ,,,,,32 ,,,,15 ,86 ,,47 ,,,,,,
2023/2/23,89 ,40 ,72 ,,,,49 ,,,,,60 ,,205 ,,,28 ,,68 ,,52 ,,31 ,,,88 ,52 ,,,43 ,54 ,161 ,118 ,,,,,,
2023/2/24,215 ,62 ,165 ,,,,74 ,,,,,81 ,,143 ,,,87 ,,98 ,,54 ,,56 ,,,96 ,184 ,30 ,,105 ,73 ,212 ,161 ,,,,,,
2023/2/25,322 ,48 ,162 ,,,,69 ,,,,,80 ,,103 ,,,98 ,,132 ,,46 ,,59 ,,,86 ,138 ,26 ,,107 ,160 ,268 ,139 ,,,,,,
2023/2/26,126 ,88 ,78 ,,,,42 ,,,,,67 ,,163 ,,,26 ,,107 ,,31 ,,59 ,,,63 ,51 ,13 ,,34 ,129 ,111 ,111 ,,,,,,
2023/2/27,206 ,105 ,158 ,,,,44 ,,,,,113 ,,238 ,,,42 ,,332 ,,51 ,,48 ,,,153 ,71 ,20 ,,108 ,57 ,205 ,116 ,,,,,,
2023/2/28,,127 ,185 ,,,,,,,,,123 ,,,,,152 ,,144 ,,75 ,,,,,123 ,197 ,73 ,,123 ,110 ,,160 ,,,,,,
2023/3/1,369 ,46 ,146 ,,,,,,,,,76 ,,,,,124 ,,114 ,,43 ,,149 ,,,73 ,160 ,43 ,,119 ,,254 ,123 ,,,,,,
2023/3/2,246 ,104 ,135 ,,,,,,,,,80 ,,,,,55 ,,154 ,,41 ,,99 ,,,72 ,93 ,24 ,,93 ,,253 ,137 ,,,,,,
2023/3/3,305 ,156 ,115 ,,,,,,,,,126 ,,,,,70 ,,74 ,,70 ,,100 ,,,123 ,107 ,68 ,,80 ,,300 ,186 ,,,,,,
2023/3/4,345 ,144 ,164 ,,,,,,,,,117 ,,,,,108 ,,165 ,,68 ,,242 ,,,121 ,235 ,116 ,,114 ,,403 ,125 ,,,,,,
2023/3/5,318 ,160 ,192 ,,,,,,,,,153 ,,,,,83 ,,324 ,,93 ,,210 ,,,185 ,129 ,76 ,,174 ,,381 ,175 ,,,,,,
2023/3/6,400 ,236 ,204 ,,,,,,,,,137 ,,,,,83 ,,141 ,,111 ,,240 ,,,135 ,122 ,81 ,,131 ,,399 ,220 ,,,,,,
2023/3/7,445 ,,,,,,,,,,,,,,,,,,,,,,317 ,,,,,,,,,453 ,,,,,,,
2023/3/8,515 ,193 ,166 ,,,,102 ,,,,,174 ,,172 ,,,126 ,,130 ,,111 ,,388 ,,,165 ,205 ,99 ,,162 ,,548 ,216 ,,,,,,
2023/3/9,369 ,178 ,118 ,,,,101 ,,,,,214 ,,172 ,,,86 ,,158 ,,173 ,,310 ,,,212 ,142 ,90 ,,117 ,194 ,518 ,206 ,,,,,,
2023/3/10,411 ,232 ,99 ,,,,135 ,,,,,205 ,,128 ,,,83 ,,84 ,,136 ,,272 ,,,167 ,119 ,127 ,,102 ,123 ,450 ,230 ,,,,,,
2023/3/11,234 ,61 ,131 ,,,,45 ,,,,,77 ,,88 ,,,118 ,,,,46 ,,167 ,,,63 ,155 ,30 ,,75 ,105 ,298 ,90 ,,,,,,
2023/3/12,103 ,53 ,122 ,,,,21 ,,,,,87 ,,112 ,,,65 ,,,,30 ,,62 ,,,69 ,141 ,25 ,,102 ,197 ,100 ,68 ,,,,,,
2023/3/13,159 ,112 ,61 ,,,,62 ,,,,,114 ,,100 ,,,32 ,,,,58 ,,79 ,,,86 ,48 ,20 ,,60 ,118 ,184 ,143 ,,,,,,
2023/3/14,262 ,137 ,139 ,,,,72 ,,,,,124 ,,155 ,,,69 ,,,,56 ,,176 ,,,103 ,143 ,38 ,,128 ,69 ,281 ,144 ,,,,,,
2023/3/15,169 ,19 ,108 ,,,,24 ,,,,,52 ,,64 ,,,69 ,,,,22 ,,87 ,,,37 ,213 ,16 ,,158 ,109 ,168 ,43 ,,,,,,
2023/3/16,110 ,,,,,,,,,,,,,,,,68 ,,,,15 ,,41 ,,,,497 ,14 ,,,142 ,43 ,,,,,,,
2023/3/17,,24 ,85 ,,,,33 ,,,,,55 ,,78 ,,,43 ,,,,30 ,,,,,49 ,78 ,,,92 ,,,93 ,,,,,,
2023/3/18,195 ,60 ,81 ,,,,52 ,,,,,67 ,,148 ,,,47 ,,,,53 ,,39 ,,,72 ,71 ,18 ,,70 ,80 ,146 ,122 ,,,,,,
2023/3/19,316 ,93 ,117 ,,,,61 ,,,,,110 ,,281 ,,,61 ,,,,87 ,,133 ,,,115 ,80 ,29 ,,86 ,83 ,352 ,155 ,,,,,,
2023/3/20,472 ,118 ,147 ,,,,84 ,,,,,151 ,,277 ,,,85 ,,,,95 ,,263 ,,,156 ,140 ,82 ,,125 ,97 ,475 ,158 ,,,,,,
2023/3/21,498 ,137 ,187 ,,,,107 ,,,,,169 ,,209 ,,,115 ,,,,112 ,,358 ,,,157 ,159 ,99 ,,153 ,133 ,552 ,196 ,,,,,,
2023/3/22,587 ,96 ,195 ,,,,86 ,,,,,135 ,,171 ,,,159 ,,,,91 ,,569 ,,,144 ,344 ,91 ,,177 ,171 ,724 ,167 ,,,,,,
2023/3/23,269 ,17 ,133 ,,,,34 ,,,,,75 ,,73 ,,,227 ,,,,31 ,,184 ,,,63 ,343 ,22 ,,140 ,252 ,349 ,86 ,,,,,,
2023/3/24,170 ,27 ,190 ,,,,37 ,,,,,88 ,,137 ,,,85 ,,,,34 ,,50 ,,,89 ,114 ,22 ,,133 ,295 ,167 ,75 ,,,,,,
2023/3/25,161 ,53 ,58 ,,,,56 ,,,,,85 ,,124 ,,,37 ,,,,44 ,,67 ,,,75 ,55 ,22 ,,42 ,177 ,246 ,110 ,,,,,,
2023/3/26,320 ,70 ,102 ,,,,64 ,,,,,114 ,,141 ,,,83 ,,,,,,159 ,,,94 ,113 ,42 ,,124 ,72 ,327 ,122 ,,,,,,
2023/3/27,248 ,99 ,193 ,,,,67 ,,,,,141 ,,341 ,,,65 ,,,,,,168 ,,,155 ,88 ,41 ,,131 ,132 ,312 ,138 ,,,,,,
2023/3/28,303 ,89 ,417 ,,,,55 ,,,,,147 ,,445 ,,,61 ,,,,,,115 ,,,292 ,82 ,37 ,,203 ,136 ,345 ,123 ,,,,,,
2023/3/29,283 ,82 ,278 ,,,,47 ,,,,,122 ,,226 ,,,59 ,,,,,,148 ,,,184 ,95 ,36 ,,175 ,189 ,330 ,101 ,,,,,,
2023/3/30,295 ,63 ,221 ,,,,54 ,,,,,106 ,,169 ,,,65 ,,,,,,187 ,,,130 ,129 ,38 ,,148 ,189 ,344 ,93 ,,,,,,
2023/3/31,,,,,,,,,,,,,,,,,,,,,,,,,,,,,,,184 ,,,,,,,,
2023/4/1,350 ,85 ,267 ,,,,60 ,,,,,120 ,,279 ,,,74 ,,,,,,196 ,,,159 ,107 ,52 ,,159 ,,402 ,106 ,,,,,,
2023/4/2,307 ,64 ,158 ,,,,56 ,,,,,88 ,,153 ,,,76 ,,,,,,187 ,,,94 ,115 ,48 ,,98 ,179 ,366 ,100 ,,,,,,
2023/4/3,277 ,23 ,101 ,,,,43 ,,,,,59 ,,80 ,,,97 ,,,,,,71 ,,,62 ,331 ,31 ,,171 ,168 ,268 ,74 ,,,,,,
2023/4/4,210 ,15 ,129 ,,,,33 ,,,,,48 ,,73 ,,,110 ,,,,,,62 ,,,59 ,112 ,20 ,,67 ,186 ,237 ,73 ,,,,,,
2023/4/5,227 ,57 ,126 ,,,,55 ,,,,,87 ,,122 ,,,96 ,,,,,,103 ,,,95 ,133 ,42 ,,94 ,89 ,290 ,108 ,,,,,,
2023/4/6,252 ,38 ,102 ,,,,40 ,,,,,79 ,,100 ,,,70 ,,,,,,128 ,,,77 ,131 ,72 ,,81 ,126 ,260 ,91 ,,,,,,
2023/4/7,272 ,50 ,143 ,,,,48 ,,,,,87 ,,160 ,,,71 ,,,,,,102 ,,,101 ,106 ,30 ,,140 ,115 ,287 ,88 ,,,,,,
2023/4/8,239 ,69 ,86 ,,,,64 ,,,,,121 ,,201 ,,,55 ,,,,,,93 ,,,86 ,79 ,30 ,,73 ,154 ,247 ,123 ,,,,,,
2023/4/9,225 ,85 ,67 ,,,,65 ,,,,,109 ,,198 ,,,51 ,,,,,,151 ,,,84 ,58 ,33 ,,66 ,89 ,256 ,128 ,,,,,,
2023/4/10,319 ,142 ,147 ,,,,89 ,,,,,148 ,,289 ,,,79 ,,,,,,197 ,,,120 ,102 ,55 ,,120 ,70 ,332 ,187 ,,,,,,
2023/4/11,350 ,73 ,150 ,,,,73 ,,,,,135 ,,148 ,,,140 ,,,,,,230 ,,,119 ,285 ,85 ,,178 ,111 ,353 ,132 ,,,,,,
2023/4/12,281 ,71 ,226 ,,,,52 ,,,,,145 ,,226 ,,,72 ,,,,,,170 ,,,140 ,121 ,46 ,,143 ,134 ,340 ,91 ,,,,,,
2023/4/13,432 ,133 ,200 ,,,,83 ,,,,,156 ,,221 ,,,125 ,,,,,,334 ,,,149 ,156 ,90 ,,159 ,160 ,500 ,136 ,,,,,,
2023/4/14,513 ,123 ,170 ,,,,104 ,,,,,168 ,,183 ,,,199 ,,,,,,416 ,,,159 ,296 ,122 ,,154 ,186 ,540 ,172 ,,,,,,
2023/4/15,389 ,105 ,105 ,,,,76 ,,,,,179 ,,119 ,,,147 ,,,,,,272 ,,,191 ,280 ,140 ,,115 ,138 ,444 ,171 ,,,,,,
2023/4/16,312 ,79 ,193 ,,,,52 ,,,,,107 ,,160 ,,,112 ,,,,,,164 ,,,108 ,139 ,42 ,,130 ,110 ,328 ,87 ,,,,,,
2023/4/17,510 ,143 ,143 ,,,,90 ,,,,,152 ,,169 ,,,164 ,,,,,,423 ,,,138 ,180 ,95 ,,157 ,157 ,559 ,141 ,,,,,,
2023/4/18,606 ,124 ,210 ,,,,100 ,,,,,158 ,,144 ,,,277 ,,,,,,562 ,,,142 ,317 ,101 ,,213 ,160 ,630 ,152 ,,,,,,
2023/4/19,484 ,186 ,372 ,,,,93 ,,,,,159 ,,222 ,,,153 ,,,,,,397 ,,,171 ,213 ,94 ,,242 ,287 ,525 ,143 ,,,,,,
2023/4/20,546 ,183 ,221 ,,,,92 ,,,,,145 ,,234 ,,,172 ,,,,,,481 ,,,152 ,270 ,89 ,,157 ,222 ,619 ,146 ,,,,,,
2023/4/21,240 ,12 ,102 ,,,,18 ,,,,,33 ,,65 ,,,101 ,,,,,,66 ,,,50 ,294 ,13 ,,139 ,237 ,201 ,33 ,,,,,,
2023/4/22,121 ,,131 ,,,,,,,,,,,,,,,,,,,,50 ,,,,,,,,235 ,153 ,,,,,,,
2023/4/23,,,157 ,,,,,,,,,,,,,,,,,,,,,,,,,,,,,,,,,,,,
2023/4/24,245 ,17 ,,,,,39 ,,,,,73 ,,86 ,,,102 ,,,,,,87 ,,,75 ,232 ,23 ,,252 ,,253 ,61 ,,,,,,
2023/4/25,500 ,203 ,,,,,104 ,,,,,134 ,,226 ,,,100 ,,,,,,291 ,,,161 ,156 ,107 ,,106 ,125 ,415 ,172 ,,,,,,
2023/4/26,393 ,147 ,,,,,72 ,,,,,221 ,,383 ,,,89 ,,,,,,216 ,,,239 ,137 ,61 ,,123 ,129 ,375 ,133 ,,,,,,
2023/4/27,267 ,145 ,131 ,,,,53 ,,,,,137 ,,354 ,,,61 ,,,,,,145 ,,,156 ,67 ,27 ,,90 ,120 ,300 ,117 ,,,,,,
2023/4/28,,105 ,85 ,,,,61 ,,,,,,,151 ,,,106 ,,,,,,241 ,,,102 ,159 ,72 ,,85 ,81 ,367 ,101 ,,,,,,
2023/4/29,,93 ,,,,,50 ,,,,,,,80 ,,,69 ,,,,,,111 ,,,86 ,86 ,95 ,,71 ,138 ,257 ,111 ,,,,,,
2023/4/30,,,,,,,,,,,,,,,,,,,,,,,,,,,,,,47 ,73 ,,,,,,,,
2023/5/1,,160 ,78 ,,,,60 ,,,,,,,180 ,,,84 ,,,,,,,,,147 ,83 ,48 ,,226 ,,402 ,107 ,,,,,,
2023/5/2,,266 ,,,,,66 ,,,,,,,200 ,,,88 ,,,,,,,,,157 ,93 ,70 ,,189 ,196 ,416 ,110 ,,,,,,
2023/5/3,,160 ,,,,,97 ,,,,,,,175 ,,,132 ,,,,,,,,,135 ,171 ,92 ,,145 ,204 ,660 ,135 ,,,,,,
2023/5/4,,136 ,,,,,115 ,,,,,,,182 ,,,265 ,,,,,,,,,152 ,358 ,112 ,,201 ,202 ,728 ,165 ,,,,,,
2023/5/5,,90 ,,,,,84 ,,,,,,,134 ,,,180 ,,,,,,,,,119 ,242 ,81 ,,185 ,545 ,542 ,119 ,,,,,,
2023/5/6,,28 ,,,,,38 ,,,,,,,96 ,,,127 ,,,,,,,,,68 ,214 ,30 ,,149 ,287 ,275 ,62 ,,,,,,
2023/5/7,,40 ,,,,,47 ,,,,,,,90 ,,,156 ,,,,,,,,,79 ,175 ,36 ,,159 ,342 ,285 ,72 ,,,,,,
2023/5/8,,80 ,171 ,,,,61 ,,,,,,,124 ,,,180 ,,,,,,,,,108 ,164 ,51 ,,233 ,189 ,346 ,90 ,,,,,,
2023/5/9,,86 ,212 ,,,,56 ,,,,,,,129 ,,,,,,,,,,,,120 ,100 ,56 ,,158 ,151 ,366 ,98 ,,,,,,
2023/5/10,,143 ,174 ,,,,80 ,,,,,,,124 ,,,,,,,,,,,,129 ,149 ,151 ,,125 ,179 ,381 ,152 ,,,,,,
2023/5/11,,223 ,,,,,90 ,,,,,,,163 ,,,,,,,,,,,,94 ,156 ,134 ,,87 ,133 ,382 ,243 ,,,,,,
2023/5/12,,274 ,,,,,106 ,,,,,,,130 ,,,,,,,,,,,,99 ,79 ,91 ,,92 ,107 ,389 ,153 ,,,,,,
2023/5/13,,174 ,,,,,87 ,,,,,,,296 ,,,,,,,,,,,,208 ,184 ,97 ,,167 ,98 ,533 ,143 ,,,,,,
2023/5/14,,304 ,125 ,,,,130 ,,,,,,,200 ,,,,,,,,,,,,188 ,114 ,132 ,,131 ,181 ,482 ,177 ,,,,,,
2023/5/15,,295 ,109 ,,,,113 ,,,,,,,288 ,,,,,,,,,,,,180 ,113 ,130 ,,142 ,126 ,489 ,170 ,,,,,,
2023/5/16,,226 ,,,,,99 ,,,,,,,266 ,,,,,,,,,,,,131 ,100 ,113 ,,110 ,128 ,478 ,195 ,,,,,,
2023/5/17,,221 ,,,,,97 ,,,,,,,145 ,,,,,,,,,,,,122 ,108 ,98 ,,137 ,107 ,445 ,126 ,,,,,,
2023/5/18,,124 ,,,,,85 ,,,,,,,147 ,,,,,,,,,,,,128 ,188 ,91 ,,169 ,147 ,522 ,114 ,,,,,,
2023/5/19,,228 ,191 ,,,,90 ,,,,,,,186 ,,,,,,,,,,,,148 ,116 ,143 ,,179 ,282 ,499 ,147 ,,,,,,
2023/5/20,,193 ,,,,,81 ,,,,,,,162 ,,,,,,,,,,,,122 ,366 ,106 ,,161 ,191 ,492 ,124 ,,,,,,
2023/5/21,,58 ,,,,,31 ,,,,,,,85 ,,,,,,,,,,,,65 ,345 ,119 ,,123 ,267 ,340 ,69 ,,,,,,
2023/5/22,,156 ,,,,,56 ,,,,,,,143 ,,,,,,,,,,,,106 ,285 ,195 ,,143 ,166 ,393 ,143 ,,,,,,
2023/5/23,,187 ,,,,,109 ,,,,,,,202 ,,,,,,,,,,,,158 ,125 ,88 ,,124 ,130 ,452 ,186 ,,,,,,
2023/5/24,,206 ,,,,,58 ,,,,,,,319 ,,,,,,,,,,,,196 ,72 ,59 ,,138 ,152 ,398 ,98 ,,,,,,
2023/5/25,,229 ,,,,,93 ,,,,,,,260 ,,,,,,,,,,,,175 ,137 ,147 ,,134 ,111 ,430 ,138 ,,,,,,
2023/5/26,,153 ,,,,,87 ,,,,,,,217 ,,,,,,,,,,,,190 ,227 ,101 ,,216 ,178 ,655 ,125 ,,,,,,
2023/5/27,,124 ,,,,,106 ,,,,,,,165 ,,,,,,,,,,,,148 ,433 ,111 ,,427 ,268 ,746 ,146 ,,,,,,
2023/5/28,,68 ,,,,,72 ,,,,,,,130 ,,,,,,,,,,,,116 ,361 ,66 ,,149 ,389 ,538 ,106 ,,,,,,
2023/5/29,,69 ,,,,,68 ,,,,,,,110 ,,,,,,,,,,,,113 ,374 ,68 ,,233 ,363 ,595 ,96 ,,,,,,
2023/5/30,,132 ,,,,,104 ,,,,,,,144 ,,,,,,,,,,,,161 ,340 ,119 ,,214 ,240 ,665 ,147 ,,,,,,
2023/5/31,,,,,,,,,,,,,,,,,,,,,,,,,,,,,,,219 ,,,,,,,,
2023/6/1,,277 ,,,,,115 ,,,,,,,155 ,,,,,,,,,,,,127 ,185 ,198 ,,140 ,,,227 ,,,,,,
2023/6/2,,201 ,,,,,102 ,,,,,,,156 ,,,,,,,,,,,,142 ,176 ,195 ,,113 ,148 ,,180 ,,,,,,
2023/6/3,,222 ,,,,,120 ,,,,,,,156 ,,,,,,,,,,,,146 ,294 ,149 ,,140 ,143 ,,209 ,,,,,,
2023/6/4,,116 ,,,,,73 ,,,,,,,127 ,,,,,,,,,,,,104 ,172 ,74 ,,95 ,157 ,,131 ,,,,,,
2023/6/5,,222 ,,,,,99 ,,,,,,,133 ,,,,,,,,,,,,119 ,124 ,123 ,,110 ,131 ,,155 ,,,,,,
2023/6/6,,273 ,,,,,127 ,,,,,,,140 ,,,,,,,,,,,,231 ,122 ,167 ,,141 ,131 ,,233 ,,,,,,
2023/6/7,,320 ,,,,,114 ,,,,,,,100 ,,,,,,,,,,,,169 ,112 ,203 ,,125 ,140 ,,168 ,,,,,,
2023/6/8,,256 ,,,,,131 ,,,,,,,176 ,,,,,,,,,,,,208 ,135 ,170 ,,187 ,130 ,,175 ,,,,,,
2023/6/9,,322 ,,,,,165 ,,,,,,,222 ,,,,,,,,,,,,300 ,173 ,219 ,,236 ,176 ,,254 ,,,,,,
2023/6/10,,247 ,165 ,,,,146 ,,,,,,,,,,,,,,,,,,,186 ,212 ,140 ,,264 ,212 ,,197 ,,,,,,
2023/6/11,,236 ,,,,,119 ,,,,,,,,,,,,,,,,,,,202 ,214 ,194 ,,206 ,291 ,,176 ,,,,,,
2023/6/12,,128 ,,,,,90 ,,,,,,,,,,,,,,,,,,,129 ,202 ,99 ,,219 ,295 ,,117 ,,,,,,
2023/6/13,,233 ,,,,,118 ,,,,,,,,,,,,,,,,,,,224 ,209 ,229 ,,193 ,313 ,,188 ,,,,,,
2023/6/14,,340 ,,,,,181 ,,,,,,,,,,,,,,,,,,,289 ,183 ,292 ,,218 ,200 ,,291 ,,,,,,
2023/6/15,,332 ,,,,,162 ,,,,,,,,,,,,,,,,,,,289 ,158 ,456 ,,202 ,213 ,,249 ,,,,,,
2023/6/16,,255 ,,,,,117 ,,,,,,,,,,,,,,,,,,,197 ,164 ,242 ,,183 ,195 ,,174 ,,,,,,
2023/6/17,,219 ,,,,,121 ,,,,,,,,,,,,,,,,,,,159 ,196 ,208 ,,129 ,201 ,,188 ,,,,,,
2023/6/18,,123 ,,,,,86 ,,,,,,,,,,,,,,,,,,,131 ,213 ,111 ,,207 ,167 ,,120 ,,,,,,
2023/6/19,,124 ,,,,,89 ,,,,,,,,,,,,,,,,,,,132 ,204 ,115 ,,153 ,175 ,,127 ,,,,,,
2023/6/20,,174 ,,,,,104 ,,,,,,,,,,,,,,,,,,,146 ,189 ,170 ,,165 ,175 ,,150 ,,,,,,
2023/6/21,,215 ,,,,,109 ,,,,,,,,,,,,,,,,,,,181 ,197 ,238 ,,208 ,199 ,,154 ,,,,,,
2023/6/22,,321 ,,,,,148 ,,,,,,,,,,,,,,,,,,,203 ,157 ,322 ,,186 ,229 ,,218 ,,,,,,
2023/6/23,,309 ,137 ,,,,141 ,,,,,,,,,,,,,,,,,,,233 ,179 ,257 ,,228 ,168 ,,201 ,,,,,,
2023/6/24,,241 ,,,,,115 ,,,,,,,,,,,,,,,,,,,207 ,252 ,180 ,,236 ,174 ,,163 ,,,,,,
2023/6/25,,160 ,176 ,,,,88 ,,,,,,,,,,,,,,,,,,,145 ,203 ,150 ,,146 ,233 ,,112 ,,,,,,
2023/6/26,,250 ,,,,,106 ,,,,,,,,,,,,,,,,,,,210 ,141 ,273 ,,164 ,219 ,,174 ,,,,,,
2023/6/27,,251 ,123 ,,,,106 ,,,,,,,,,,,,,,,,,,,163 ,138 ,243 ,,154 ,175 ,,173 ,,,,,,
2023/6/28,,205 ,,,,,95 ,,,,,,,,,,,,,,,,,,,128 ,140 ,185 ,,130 ,140 ,,146 ,,,,,,
2023/6/29,,151 ,,,,,92 ,,,,,,,,,,,,,,,,,,,132 ,201 ,211 ,,213 ,152 ,,127 ,,,,,,
2023/6/30,,,,,,,,,,,,,,,,,,,,,,,,,,,,,,,231 ,,,,,,,,
2023/7/1,,239 ,,,,,107 ,,,,,,,,,,,,,,,,,,,188 ,145 ,247 ,,159 ,,,160 ,,,,,,
2023/7/2,,197 ,,,,,94 ,,,,,,,,,,,,,,,,,,,171 ,169 ,150 ,,133 ,160 ,,136 ,,,,,,
2023/7/3,,187 ,,,,,104 ,,,,,,,,,,,,,,,,,,,156 ,169 ,203 ,,148 ,178 ,,152 ,,,,,,
2023/7/4,,170 ,,,,,92 ,,,,,,,,,,,,,,,,,,,119 ,122 ,188 ,,133 ,170 ,,143 ,,,,,,
2023/7/5,,169 ,107 ,,,,98 ,,,,,,,,,,,,,,,,,,,134 ,135 ,146 ,,166 ,144 ,,139 ,,,,,,
2023/7/6,,,,,,,,,,,,,,,,,,,,,,,,,,110 ,115 ,116 ,,117 ,160 ,,170 ,,,,,,
2023/7/7,,,,,,,,,,,,,,,,,,,,,,,,,,125 ,122 ,187 ,,133 ,124 ,,171 ,,,,,,
2023/7/8,,,,,,,,,,,,,,,,,,,,,,,,,,155 ,177 ,212 ,,196 ,134 ,,179 ,,,,,,
2023/7/9,,,,,,,,,,,,,,,,,,,,,,,,,,180 ,174 ,273 ,,192 ,181 ,,210 ,,,,,,
2023/7/10,,,,,,,,,,,,,,,,,,,,,,,,,,181 ,134 ,153 ,,134 ,161 ,,256 ,,,,,,
2023/7/11,,,,,,,,,,,,,,,,,,,,,,,,,,210 ,169 ,134 ,,146 ,121 ,,168 ,,,,,,
2023/7/12,,,,,,,,,,,,,,,,,,,,,,,,,,171 ,211 ,123 ,,129 ,135 ,,133 ,,,,,,
2023/7/13,,,153 ,,,,,,,,,,,,,,,,,,,,,,,141 ,247 ,146 ,,146 ,146 ,,141 ,,,,,,
2023/7/14,,,,,,,,,,,,,,,,,,,,,,,,,,261 ,125 ,224 ,,116 ,279 ,,172 ,,,,,,
2023/7/15,,421 ,,,,,,,,,,,,204 ,,,,,268 ,,,602 ,,,,253 ,403 ,335 ,,225 ,121 ,,301 ,,,,666 ,,
2023/7/16,,296 ,235 ,,,,94 ,,,,,248 ,,175 ,,,198 ,,331 ,,313 ,606 ,,,,238 ,267 ,201 ,,253 ,312 ,,178 ,,,,469 ,,
2023/7/17,,173 ,207 ,,,,321 ,,,,,229 ,,172 ,,,157 ,,613 ,,45 ,421 ,,,,221 ,203 ,164 ,,234 ,302 ,,114 ,,,,283 ,,
2023/7/18,,161 ,201 ,,,,,,,,,172 ,,132 ,,,165 ,,,,,,,,,189 ,190 ,134 ,,203 ,298 ,,100 ,,,,360 ,,
2023/7/19,,196 ,175 ,,,,,,,,,236 ,,279 ,,,137 ,,,,,408 ,,,,232 ,195 ,137 ,,177 ,234 ,,107 ,,,,,,
2023/7/20,,189 ,158 ,,,,,,,,,279 ,,252 ,,,109 ,,,,,508 ,,,,199 ,157 ,128 ,,162 ,179 ,,85 ,,,,332 ,,
2023/7/21,,153 ,184 ,,,,,,,,,203 ,,234 ,,,122 ,,,,,464 ,,,,187 ,185 ,128 ,,144 ,168 ,,94 ,,,,472 ,,
2023/7/22,,130 ,185 ,,,,311 ,,,,,179 ,,167 ,,,135 ,,479 ,,360 ,340 ,,,,141 ,178 ,117 ,,126 ,182 ,,91 ,,,,404 ,,
2023/7/23,,215 ,157 ,,,,198 ,,,,,209 ,,192 ,,,139 ,,480 ,,280 ,221 ,,,,194 ,228 ,140 ,,194 ,180 ,,123 ,,,,295 ,,
2023/7/24,,327 ,116 ,,,,143 ,,,,,192 ,,207 ,,,138 ,,,,,208 ,,,,163 ,186 ,140 ,,196 ,197 ,,125 ,,,,,,
2023/7/25,,197 ,137 ,,,,120 ,,,,,168 ,,162 ,,,150 ,,,,139 ,146 ,,,,144 ,182 ,128 ,,153 ,177 ,,104 ,,,,268 ,,
2023/7/26,,157 ,118 ,,,,120 ,,,,,147 ,,123 ,,,118 ,,,,112 ,123 ,,,,130 ,208 ,113 ,,145 ,182 ,,89 ,,,,,,
2023/7/27,,143 ,98 ,,,,109 ,,,,,125 ,,104 ,,,121 ,,,,102 ,107 ,,,,128 ,209 ,111 ,,138 ,163 ,,81 ,,,,260 ,,
2023/7/28,,122 ,144 ,,,,94 ,,,,,110 ,,94 ,,,130 ,,,,82 ,94 ,,,,114 ,143 ,91 ,,128 ,157 ,,67 ,,,,219 ,,
2023/7/29,,94 ,207 ,,,,86 ,,,,,123 ,,129 ,,,130 ,,205 ,,92 ,84 ,,,,115 ,136 ,90 ,,70 ,273 ,,68 ,,,,181 ,,
2023/7/30,,152 ,88 ,,,,106 ,,,,,177 ,,182 ,,,106 ,,195 ,,102 ,144 ,,,,132 ,121 ,103 ,,96 ,224 ,,95 ,,,,180 ,,
2023/7/31,,,,,,,,,,,,,,,,,,,,,,,,,,,,,,,136 ,,,,,,,,
2023/8/1,,152 ,84 ,,,,94 ,,,,,121 ,,138 ,,,109 ,,,,84 ,97 ,,,,122 ,284 ,106 ,,127 ,,,73 ,,,,407 ,,
2023/8/2,,192 ,81 ,,,,99 ,,,,,190 ,,244 ,,,111 ,,,,104 ,122 ,,,,191 ,184 ,110 ,,161 ,143 ,,89 ,,,,287 ,,
2023/8/3,,284 ,81 ,,,,114 ,,,,,217 ,,270 ,,,118 ,,,,132 ,166 ,,,,214 ,99 ,123 ,,195 ,138 ,,128 ,,,,294 ,,
2023/8/4,,277 ,77 ,,,,126 ,,,,,233 ,,313 ,,,123 ,,,,145 ,183 ,,,,197 ,82 ,133 ,,178 ,142 ,,129 ,,,,206 ,,
2023/8/5,,209 ,108 ,,,,110 ,,,,,198 ,,194 ,,,130 ,,,,111 ,134 ,,,,166 ,95 ,128 ,,189 ,134 ,,100 ,,,,257 ,,
2023/8/6,,149 ,322 ,,,,111 ,,,,,171 ,,113 ,,,221 ,,,,100 ,106 ,,,,128 ,433 ,117 ,,100 ,170 ,,103 ,,,,180 ,,
2023/8/7,,130 ,240 ,,,,99 ,,,,,139 ,,125 ,,,223 ,,,,91 ,95 ,,,,118 ,158 ,110 ,,150 ,115 ,,87 ,,,,167 ,,
2023/8/8,,170 ,260 ,,,,122 ,,,,,174 ,,123 ,,,171 ,,,,125 ,118 ,,,,163 ,,128 ,,141 ,108 ,,119 ,,,,201 ,,
2023/8/9,,157 ,221 ,,,,121 ,,,,,156 ,,111 ,,,165 ,,315 ,,104 ,114 ,,,,142 ,188 ,126 ,,148 ,132 ,,111 ,,,,212 ,,
2023/8/10,,152 ,213 ,,,,124 ,,,,,175 ,,142 ,,,171 ,,245 ,,126 ,114 ,,,,139 ,88 ,141 ,,156 ,182 ,,114 ,,,,198 ,,
2023/8/11,,144 ,89 ,,,,140 ,,,,,241 ,,185 ,,,123 ,,360 ,,179 ,165 ,,,,143 ,245 ,130 ,,135 ,182 ,,159 ,,,,261 ,,
2023/8/12,,221 ,102 ,,,,109 ,,,,,143 ,,109 ,,,118 ,,,,119 ,113 ,,,,119 ,944 ,118 ,,62 ,106 ,,112 ,,,,167 ,,
2023/8/13,,102 ,191 ,,,,105 ,,,,,148 ,,125 ,,,123 ,,214 ,,106 ,108 ,,,,133 ,28 ,137 ,,122 ,111 ,,100 ,,,,244 ,,
2023/8/14,,131 ,167 ,,,,104 ,,,,,138 ,,117 ,,,141 ,,275 ,,98 ,101 ,,,,127 ,178 ,126 ,,175 ,109 ,,95 ,,,,197 ,,
2023/8/15,,129 ,106 ,,,,110 ,,,,,135 ,,133 ,,,134 ,,428 ,,111 ,101 ,,,,151 ,284 ,133 ,,155 ,135 ,,100 ,,,,219 ,,
2023/8/16,,183 ,75 ,,,,123 ,,,,,177 ,,157 ,,,121 ,,,,157 ,136 ,,,,138 ,54 ,124 ,,186 ,127 ,,120 ,,,,235 ,,
2023/8/17,,234 ,86 ,,,,127 ,,,,,189 ,,157 ,,,122 ,,158 ,,133 ,150 ,,,,131 ,199 ,134 ,,187 ,112 ,,122 ,,,,239 ,,
2023/8/18,,177 ,134 ,,,,130 ,,,,,154 ,,188 ,,,144 ,,,,148 ,136 ,,,,142 ,207 ,154 ,,142 ,102 ,,126 ,,,,204 ,,
2023/8/19,,145 ,238 ,,,,118 ,,,,,183 ,,116 ,,,189 ,,227 ,,113 ,115 ,,,,120 ,355 ,141 ,,117 ,150 ,,111 ,,,,229 ,,
2023/8/20,,110 ,174 ,,,,103 ,,,,,174 ,,106 ,,,159 ,,225 ,,104 ,89 ,,,,105 ,251 ,105 ,,94 ,155 ,,92 ,,,,182 ,,
2023/8/21,,119 ,97 ,,,,106 ,,,,,138 ,,142 ,,,118 ,,,,114 ,113 ,,,,110 ,101 ,120 ,,95 ,233 ,,99 ,,,,184 ,,
2023/8/22,,130 ,129 ,,,,117 ,,,,,185 ,,158 ,,,187 ,,,,123 ,107 ,,,,129 ,243 ,127 ,,194 ,75 ,,109 ,,,,192 ,,
2023/8/23,,141 ,103 ,,,,98 ,,,,,150 ,,134 ,,,135 ,,267 ,,105 ,113 ,,,,114 ,31 ,127 ,,173 ,127 ,,93 ,,,,186 ,,
2023/8/24,,93 ,101 ,,,,84 ,,,,,119 ,,93 ,,,142 ,,226 ,,73 ,86 ,,,,115 ,105 ,92 ,,135 ,88 ,,74 ,,,,127 ,,
2023/8/25,,108 ,109 ,,,,99 ,,,,,,,88 ,,,105 ,,242 ,,91 ,90 ,,,,104 ,161 ,98 ,,135 ,141 ,,93 ,,,,154 ,,
2023/8/26,,99 ,132 ,,,,109 ,,,,,,,101 ,,,447 ,,312 ,,109 ,85 ,,,,61 ,377 ,88 ,,72 ,107 ,,108 ,,,,140 ,,
2023/8/27,,69 ,113 ,,,,66 ,,,,,,,99 ,,,,,211 ,,61 ,55 ,,,,17 ,,52 ,,31 ,428 ,,60 ,,,,75 ,,
2023/8/28,,102 ,,,,,89 ,,,,,,,109 ,,,218 ,,211 ,,80 ,81 ,,,,80 ,104 ,85 ,,89 ,486 ,,337 ,,,,137 ,,
2023/8/29,,74 ,,,,,90 ,,,,,,,106 ,,,193 ,,,,91 ,98 ,,,,82 ,131 ,109 ,,161 ,160 ,,190 ,,,,171 ,,
2023/8/30,,119 ,,,,,114 ,,,,,,,114 ,,,141 ,,,,103 ,127 ,,,,91 ,41 ,124 ,,139 ,115 ,,131 ,,,,152 ,,
