time ,device 90,device 102,device 111,device 112,device 113,device 114,device 115,device 116,device 117,device 118,device 120,device 121,device 122,device 123,device 124,device 126,device 131,device 132,device 135,device 136,device 141,device 142,device 143,device 144,device 145,device 146,device 147,device 148,device 149,device 150,device 151,device 152,device 153,device 154,device 155,device 156,device 157,device 158,device 159
2022/8/1,,,,,254.7434528,374.4056187,330.2532537,,,,347.7115039,,,296.3534779,,,369.9921815,335.6177433,271.8753147,372.0597248,,,,,,,,473.123114,,,,,,,,390.480295,367.9449267,299.7954826,250.8494288
2022/8/2,399.456884,,,,205.565438,271.9714125,253.9923044,,,,231.695574,,,202.9257089,,,239.2497616,224.3475008,199.4315344,264.9378672,731.2705734,434.968716,327.1950213,429.7671331,358.6420003,220.9683298,310.0085402,237.6532005,275.6369601,,,407.0263106,416.5537527,,,322.1081149,300.5497778,215.2471959,222.1062006
2022/8/3,222.2303459,,457.7558627,338.3367319,183.4731296,248.0363367,247.801424,309.550404,,401.6521759,211.2599736,308.8298911,275.1870315,184.9434812,331.2179065,,233.5661894,209.3482059,187.7688192,246.1532061,330.0142993,395.0635698,297.6842168,317.212126,335.2414258,188.5790328,184.3005326,823.3669417,224.9333436,288.8529365,291.0184191,336.0595299,380.2711573,266.4316408,398.8633361,287.2162385,291.1944913,205.8577132,199.6760157
2022/8/4,227.7412315,,300.8235582,260.911926,180.7536574,252.712472,216.5651173,249.5584797,,265.33584,217.9825008,224.1802233,232.2878049,183.4187611,235.3442195,,254.9384654,210.337897,189.3199232,246.6037466,327.5022288,338.931171,256.7471499,283.6021029,315.0841405,186.697789,248.906707,,227.7388451,331.2691109,290.3037451,332.5317286,358.5031712,229.4643124,240.5081125,293.3720105,292.1768827,213.1148905,199.5714879
2022/8/5,179.0893956,,266.6448298,234.9310835,174.8593134,245.2437371,211.6928758,238.3424222,,230.3335831,216.6476369,204.9419418,215.9243378,177.4974967,210.1130639,,248.7162328,205.0391639,185.8815746,239.6517605,308.8651079,295.7980781,248.1873552,256.0106782,325.9124255,181.6880118,232.0771899,,226.0825143,294.021103,384.6974855,332.4800624,312.3124613,230.1616385,262.2368479,313.7065332,281.2451038,212.3189903,193.4664161
2022/8/6,175.8553818,,228.1328787,205.3463759,147.090619,209.9375696,180.468704,198.1221956,,196.6771133,184.8949544,167.4605552,187.3360867,146.9438755,175.198762,,206.4592494,180.9672147,155.171208,207.3094734,285.0215715,279.795126,207.513768,223.2671354,334.6638738,159.507568,203.1557879,,178.5673829,300.0449122,313.9335689,289.5766818,263.3627587,202.5651706,213.5980221,264.0739913,246.4243837,180.3613578,162.8579673
2022/8/7,252.6680878,,259.0171027,190.6780845,146.8746803,204.4337937,184.6061142,187.1025078,,225.9818112,178.7104348,157.5736113,173.8395284,148.6211666,168.4987974,,193.1848074,172.2708923,154.6262634,198.5734244,266.0921923,271.3703417,204.6619007,238.3545621,487.9299146,154.9908501,235.0495088,,174.3738045,326.008532,382.7634785,267.6974686,249.6576948,193.2574488,319.3602194,248.2340341,236.5110054,175.8191788,160.3426749
2022/8/8,340.2964897,,283.054739,187.880286,167.3453505,204.6125585,223.1184703,188.5799128,,243.7047794,176.5482189,204.5828243,170.0341112,220.860135,183.9205443,,173.6518008,182.5546784,206.3743884,215.0504417,279.9695137,280.3779576,247.2495094,216.9422758,398.6602207,167.2732041,259.5602524,,192.8227173,302.412241,368.8506454,251.1161146,355.3155376,203.7952395,605.5622948,232.5227618,243.3178485,201.6118894,215.716417
2022/8/9,468.0923079,252.2444351,213.548588,160.1881343,132.3258264,170.6085685,175.7322925,144.0944837,,180.7256133,137.6358021,221.401985,143.9503608,286.004019,151.2630796,296.5043589,143.7486618,150.674295,232.7134502,178.8148649,243.1274904,184.1458285,205.6727492,165.8940982,247.7128489,147.0302329,228.1914977,,161.6234871,262.6212657,295.4491513,183.8274805,442.8789731,166.4827839,557.680185,162.0895735,200.0642104,190.6782168,232.6216902
2022/8/10,424.9593893,179.4483193,221.0359566,173.4872647,145.1604951,187.3469857,199.6105254,157.6009014,,184.9070213,156.5515946,198.2719278,156.9796816,252.0738371,163.1863461,247.1128797,157.6211041,160.3415045,251.8392535,189.4690873,311.7367259,228.739754,232.047159,185.5305386,277.0105981,156.3133628,390.0500305,,209.1931081,489.2465761,444.1729882,211.8423251,431.0122797,177.9080789,609.5026317,187.8807198,217.419364,200.153418,282.0818249
2022/8/11,285.4216274,187.0311933,220.8275949,169.3151113,138.4631383,180.4239023,179.006533,163.8509405,,188.9706255,157.3903735,183.3150875,153.7869711,225.2347993,153.3679444,242.8342,162.2379462,155.5465147,186.053736,182.637305,249.6750738,258.4407017,230.2019782,191.4268803,305.69906,146.9877268,306.9227919,,183.5884395,434.94598,480.3032784,216.9966308,377.8453329,176.2558394,374.9792304,245.4168011,210.7893571,181.8655137,226.0468887
2022/8/12,505.1081491,169.901294,265.8098395,188.1038759,155.1111932,211.5155598,211.197177,189.6212197,562.73772,234.4308747,179.539974,164.1242865,175.376169,239.2344341,168.5674731,205.5697804,177.0732531,178.2516659,223.3068603,202.845445,246.5074183,303.6789083,271.2250506,237.743291,346.8504813,158.5535843,394.023209,,205.5769816,278.4764697,314.1894408,264.5979452,381.232047,200.987941,382.0569252,257.9051328,251.5322591,203.3692917,257.2855249
2022/8/13,1031.682967,159.0564054,310.5992396,200.1119461,172.6021496,224.3599464,215.467935,205.3336065,,274.4667944,194.2842106,234.413811,185.4773573,489.9580821,197.7402358,194.4457815,197.7472412,205.2332044,274.3079726,235.8318949,318.0062887,284.4072572,259.3513973,251.4492574,358.2249579,185.4113785,297.7591354,,228.2569751,390.5798072,497.6518299,291.8382427,381.9036596,224.3042835,536.7308066,246.1440741,269.1586877,232.2857421,359.1736344
2022/8/14,940.469151,148.7035328,260.8361802,206.7623955,182.3733325,239.6016735,233.5012193,219.5571472,,223.0591558,215.5491665,208.8432947,202.7035033,336.3293475,199.6497149,186.192327,209.2917219,205.3869122,271.8101803,237.2106972,357.3888624,288.0206171,253.7767827,238.267131,374.367749,192.8707495,440.2154848,,246.4732389,739.9738846,584.9413258,285.3330918,500.6654995,231.8966043,460.1324695,286.8071483,278.4837523,237.9088596,390.2601386
2022/8/15,981.451444,151.7919626,273.4629266,200.3660361,182.8036358,229.5159058,226.3296253,217.5206207,375.9431956,236.5236872,233.2470094,239.5030483,194.8958007,318.911133,207.221409,203.0938554,238.4797708,207.832242,238.613317,240.2832758,299.4405718,327.2253494,220.7862031,235.9884592,369.2115542,202.5547913,471.1733983,,264.8199717,513.335535,438.5083125,315.5671711,416.239738,231.957259,543.5087264,386.4618621,261.5405038,223.3481917,269.9941206
2022/8/16,1173.289838,177.3350566,284.4886986,,196.5657584,250.4987678,273.0482621,,352.8320678,243.3601621,220.7689407,300.7347768,,438.1903539,222.552533,271.1997904,214.6526276,220.625818,328.4807061,253.9071714,315.2651231,288.6271725,270.6841857,244.6842221,399.0906652,206.6879533,564.1868706,,265.0041969,679.2294036,743.9897144,298.0178414,547.4501847,,452.9282127,401.8871038,287.7946156,258.6277364,400.5094365
2022/8/17,904.4192693,162.0680599,275.5028817,,171.5286692,213.4144444,231.1219871,,352.0548907,239.8430596,188.7883706,180.6153892,,279.3175816,178.5608435,252.1344004,184.4292653,189.5531655,257.6915059,218.8011809,292.8224255,282.1825441,250.6902086,228.0648863,379.5536164,172.1899457,365.8348243,,204.8060559,566.4498968,905.313192,256.6230849,426.2564299,,427.3855521,266.6250587,253.3267933,216.6135792,323.3627777
2022/8/18,780.3403512,154.7916374,225.1853338,,137.1848607,181.2340798,167.5815697,,664.2690707,198.728977,160.9441681,136.6246071,,152.9064322,146.0400174,217.1871899,182.1976165,158.2186206,153.6944775,178.265605,254.3508587,280.7333971,186.7451644,211.8290793,306.6673629,142.4853978,344.1308768,751.7462648,160.452249,282.5091365,411.1302406,270.3098209,313.1757155,,247.8727719,294.6157208,211.1668067,157.8946829,159.1913195
2022/8/19,739.5948768,138.1150658,226.6252262,,149.7592853,196.0352854,210.9428268,,207.6175224,195.4691485,174.3831771,179.3049473,,274.43972,174.0279967,199.9648527,186.6960865,170.5093692,209.1117446,204.7609577,247.9811257,221.2929475,204.8772957,195.7535649,268.0945563,163.8072314,356.8887376,582.5961585,218.812391,329.36314,515.3519878,243.1604066,336.4403462,,397.13743,363.0626383,226.6403692,192.302573,245.7210973
2022/8/20,1233.747839,132.9168511,237.1193189,,152.3803513,198.4802305,202.3425124,,220.3979492,204.8570535,169.2220934,226.8163451,,428.9253824,177.2098278,214.4017394,165.1987979,180.5398494,377.7204331,211.6250203,294.5842791,203.9170375,218.9387681,187.5251569,273.4895371,168.5827313,402.5966104,337.7691437,252.887912,454.5028468,440.7872667,218.4007318,419.4887226,,434.6239528,192.8528178,236.1167343,247.0396727,444.7708901
2022/8/21,987.565356,148.1928292,216.6012374,,140.9791259,192.9261377,193.7616524,,521.9201028,188.6712914,158.2329693,142.2857915,,229.7527933,150.9875695,215.949979,165.2992374,160.436386,221.8221926,180.9008277,293.7659954,262.8450195,234.7645061,198.4707354,264.8572756,146.9436139,367.0531457,548.7491606,187.9460319,275.1197709,588.0734772,237.7830763,386.3358493,,287.5450124,198.543579,226.5290079,181.0295074,268.3532429
2022/8/22,965.8816558,118.8512886,184.303316,,121.0518145,153.2120428,147.2866554,,191.4540201,160.9143667,136.4621287,170.8830961,,294.2689047,141.0706157,171.3519002,171.3581608,143.0326635,187.8854039,159.8084094,222.091002,204.5129159,153.4815878,165.081596,284.6330803,134.4969236,378.9369746,386.22486,199.9547633,278.4743741,508.613917,209.0587081,405.0067333,,356.5298395,184.9756967,173.6385033,151.1679279,212.0788519
2022/8/23,1159.484158,108.1058108,162.7083993,,94.10663932,122.018218,127.7053685,,198.6195462,144.4087482,96.18075658,164.3400721,,330.7295165,112.775006,182.8421278,98.88870799,115.9988003,262.9430912,136.9078512,200.9840892,142.9489965,187.5550314,112.7163005,172.2420485,116.5679566,248.9288727,284.7242051,213.4451556,231.8804152,595.2122707,122.0255368,518.8817549,,663.8286861,117.478191,145.4631962,156.4397893,314.719438
2022/8/24,1304.498655,99.39192164,191.3724739,,116.6509531,153.5636683,172.8673088,,232.8693188,167.7005128,130.6642063,165.8654851,,397.5853475,139.6916252,157.0357228,131.505944,148.8536256,346.8831756,163.2613324,220.2579625,208.554944,247.2291467,156.0818231,272.1826224,138.9378345,517.4314582,289.6601259,216.4384606,384.9610301,669.4531624,173.6462629,638.4493736,,431.6003124,244.1534069,185.991114,204.0553584,470.9887211
2022/8/25,1014.26561,118.6365314,216.0946582,,148.6157974,175.0106536,249.8477678,,244.5138253,184.3543201,159.9150345,221.1533529,,290.9536489,210.1753636,187.8146193,182.5209078,163.9456431,189.2387557,201.5542432,237.6309769,243.9130107,204.4734914,193.5930307,354.9217784,171.9475876,457.0975148,285.5228868,273.4270568,492.9203835,397.3041733,235.6653045,477.9522209,,306.1432304,719.2533891,199.9632877,167.6158623,301.5275344
2022/8/26,882.412846,141.9643892,203.8950375,,138.0196382,167.9705353,203.6653877,,256.7466725,176.1359961,166.2013561,171.9639008,,187.464485,164.6437555,226.970129,186.5449269,151.2372891,159.3486049,174.4002712,242.1643943,241.3578353,180.8487634,193.0847827,279.8788035,162.190627,397.5837154,338.5079085,228.4507397,600.6527744,402.4990661,228.2872115,378.672743,,298.6625933,622.0493396,192.5379676,157.3722768,215.0112902
2022/8/27,1182.408526,140.9234607,186.2713237,,143.877691,149.2582439,176.6977715,,302.6296705,158.2423685,133.515402,192.919814,,252.3509797,157.9481571,225.8135596,148.4442338,142.626629,205.111445,165.3734203,210.0402974,190.227572,156.9828224,163.0082509,228.1394717,155.5313832,368.377795,183.8240724,273.3282815,342.5840736,289.7097542,182.8629753,298.9005895,,237.0162999,373.0895022,170.9341514,147.0369604,282.8437381
2022/8/28,1291.473479,88.92422427,203.7937765,,154.6624144,162.4117812,191.9740853,,290.2610611,169.3757425,138.6104227,227.9768968,,258.80198,161.5761858,153.1460388,156.4893222,152.167537,229.0284056,171.5846698,260.6848466,200.025183,168.7793693,176.6814465,248.4194582,163.1787481,435.1276354,307.9687955,214.4504334,265.4405818,258.2317984,186.644647,283.6476075,,229.2516288,283.6293095,176.259464,160.5119145,254.985974
2022/8/29,1230.083594,128.6639704,224.8089816,,159.0745679,183.2496556,219.2154318,,244.2808368,188.1824139,162.1563079,277.4077191,,247.57849,189.4308793,208.095208,184.6043458,181.309832,227.1610067,187.5127829,253.0104662,228.7737602,194.7551303,205.8918032,289.9795121,169.7075378,535.1758445,292.1221063,226.951508,287.2827951,398.7864833,219.2377525,334.475646,,334.0617675,426.9763849,203.4326222,170.2402275,263.7227296
2022/8/30,1498.980591,121.3442429,194.7575397,,132.3219918,150.7796831,176.1756333,,187.4691598,163.3834989,138.8000893,242.0660539,,168.6544513,165.2851188,189.4982642,185.5577764,150.4259392,161.7578742,158.6043816,227.523284,215.5406857,164.6720736,185.1677911,254.7047695,139.6689918,417.4580616,312.8483567,193.0268788,400.1255914,585.1173483,195.7697464,397.0021063,,278.4377943,420.1845204,169.8417249,147.2914766,213.6588275
2022/8/31,1448.120074,121.99775,212.1809484,,136.6416563,172.2213744,171.575998,,335.6928936,188.6804396,170.02105,143.776875,,157.2878095,142.8096648,200.5923909,217.5195449,148.5868636,155.5537865,170.362103,251.8030052,296.2568575,175.8001266,207.2702016,263.292021,143.6360201,440.9367221,323.8517308,185.1787157,472.3330136,620.2292956,277.2458393,457.6350141,,264.027844,368.5753819,194.715792,158.8961701,170.9156291
2022/9/1,1454.737883,143.8592424,219.7522373,,156.808148,160.1846384,247.2715091,,222.0055369,204.6519969,140.9633854,136.5486314,,229.5615962,140.2483192,236.9792527,158.6033648,149.5219613,203.9929174,172.7896905,233.8030415,308.1192096,284.6342414,188.587654,354.1524155,145.5779656,526.7777687,265.1049453,256.4860166,552.6276243,629.9205956,231.7221887,668.1186495,,407.0341511,261.5371989,207.8205038,171.7774602,304.7626429
2022/9/2,1192.474636,136.3893408,259.6557898,,189.2765219,216.7814941,250.5233982,,287.8930128,235.2721305,173.2838259,195.9496274,,312.6366793,176.0514908,207.621437,176.3441786,188.0679894,290.8624043,211.7775685,370.7866428,237.1844718,286.0125194,205.1688178,327.4775425,172.8061391,676.6700887,223.0333748,264.7168492,501.6997354,740.2085589,239.1579269,770.9259589,,558.7467846,231.6580178,,243.8756674,437.4416446
2022/9/3,835.3219782,134.6360621,244.853057,,220.5558844,219.2938655,245.6800962,,315.6396657,215.3143614,174.3782113,202.1267865,,285.1432596,194.0391989,209.5488556,183.7720095,177.7567381,222.316932,200.6200302,233.9278641,259.0789276,281.3830865,209.5551823,316.1060837,173.2384329,932.7252338,165.6451691,292.3348882,560.7456969,618.7467672,229.3179948,802.5805755,,399.3904615,332.8642207,,208.9301306,320.5020714
2022/9/4,1361.146858,152.3206317,233.2908222,,155.2749861,185.3978572,200.7121455,,181.3681041,210.7472511,190.5396169,218.5062717,,191.1204317,218.1795318,217.0507057,214.3715006,162.8873657,174.8771453,205.5771291,278.246346,312.9576532,202.7618364,215.3760492,283.8875876,178.17729,599.5151366,197.5315598,371.6940353,618.5123274,576.3061494,267.7993468,532.8441262,,436.4924508,393.9349257,197.3710565,170.5020772,221.6196512
2022/9/5,1304.439347,161.0448104,290.4344666,,154.0407344,182.8434535,198.880591,,221.5191315,270.0747985,183.3424444,271.8422767,,225.4142739,224.2487944,266.8128034,212.1861885,184.9731577,186.728354,213.4045282,390.9556135,362.4067325,204.3278458,243.7446391,295.2346554,173.4726586,557.5994587,181.3175967,,563.494423,600.7934896,306.8731993,557.2843721,,552.02957,340.0726051,207.3371181,166.5486721,236.8561437
2022/9/6,1306.786179,153.3207481,326.2068878,,217.6120122,243.1844215,276.0599658,,282.7958923,308.2549541,209.2764683,260.6622352,,343.8105373,217.609683,234.889948,233.0696912,235.9967668,278.1351966,235.6589461,379.6199132,377.70745,333.2516778,272.6341864,384.7547958,202.8243809,546.6133128,291.6682718,,819.76303,714.8145678,314.0921666,721.0010596,,576.2046018,371.0213089,284.0315505,247.2247571,421.8122221
2022/9/7,556.1952657,144.468803,335.0344143,387.2728075,171.8159424,179.3696807,236.0915509,196.5225441,350.0686701,297.881761,190.1295689,179.8007476,356.3631478,242.9791443,167.1192396,223.936259,200.8802607,184.8792704,206.5259629,202.3114461,435.9717426,413.3763397,389.1091491,275.8500283,381.8624619,172.5963976,963.5049336,235.315061,,538.9432987,915.7772879,302.2225521,736.8785867,200.6346789,671.8812074,334.5463044,228.3054714,207.3118956,396.9992066
2022/9/8,1519.167704,140.3830344,417.4663064,487.7081855,139.7203178,152.9690364,245.8335553,149.9914458,322.6469964,420.09273,231.9548615,163.3380388,380.2909119,174.5097426,147.7059518,208.0592421,267.1766913,155.5341649,155.7659829,199.5130329,337.9664804,589.0374319,338.8228979,365.1436174,551.2542245,194.8867023,826.7866413,221.8280044,,816.9145474,778.1576113,468.6833215,490.7713638,211.5876568,586.0312188,612.388017,179.7509356,137.3867206,236.9781158
2022/9/9,1152.356473,115.2546692,255.9353667,471.7689488,136.6083527,157.865908,178.7602995,145.3607982,270.4146292,240.7191658,168.6714742,151.3629395,269.6225735,164.9090181,137.9142513,174.7698365,209.6760303,145.0402405,146.5841262,161.497788,267.049834,363.8739255,200.8791961,244.4930717,416.0166489,153.3595704,517.275139,248.3163956,,1257.623445,1466.891892,281.0072932,496.5954735,228.1021066,387.5903631,425.7905309,177.8335782,140.6274531,193.5156731
2022/9/10,974.4828417,107.5783878,247.4384793,283.7609849,152.0893683,169.0009209,219.7906964,226.7295578,243.6351944,224.6099324,164.4226589,240.8689628,219.1589593,232.3684879,160.4884863,173.2452051,180.1544583,170.8909925,199.0640556,183.0644871,280.2575026,281.5027941,217.9820889,217.9278888,402.9078711,165.2454315,381.9502705,343.2486418,,826.1658343,748.7323901,238.8446072,391.7959235,181.4629661,323.9945078,341.3817645,187.7049745,155.6575421,279.3348466
2022/9/11,949.6708343,139.7269234,247.6237549,335.5076435,148.4723192,171.3268501,186.2477941,208.8955473,197.325442,230.7389534,182.0363675,184.3257347,223.7477391,180.9427534,149.9209089,198.4716709,192.7218542,156.449223,167.8137774,184.8324376,322.118563,313.8802236,212.5152629,214.8976174,410.6743623,157.5001253,304.7049331,303.9771334,,582.796925,916.4458754,239.7682548,499.3101334,236.9716034,396.1472598,306.202616,180.5861653,147.415779,241.7024164
2022/9/12,1250.234947,154.8289749,287.7431686,437.0779225,184.6532078,184.1242316,241.333103,167.4467115,231.7581575,268.0673937,220.7912636,178.0503427,305.4025299,248.8339093,166.6327288,239.8564414,238.9031545,176.9174748,200.764405,200.7407473,261.0137431,556.0698119,329.4304465,241.7496346,451.6404229,180.4163913,480.8468918,247.6451327,,1539.971553,1374.696189,288.5553445,764.7228724,215.3557135,663.4383119,516.9385542,201.3508471,165.4150471,311.1166693
2022/9/13,1326.091113,140.9357782,295.0964497,252.406109,190.058829,199.7392451,267.7000925,191.1033431,292.9413984,276.5828134,169.639014,225.5948764,224.6260241,358.8997504,176.80923,222.4525273,178.9749314,194.7778035,282.8645554,215.8367707,245.7359846,349.3104048,359.2202057,213.9844924,361.5563468,180.3204411,520.2583473,163.6471748,,1409.61643,1327.948489,243.8033634,690.1290369,176.686364,744.5158869,306.8422035,234.3438038,222.2164344,423.3221154
2022/9/14,995.5222388,117.9794159,212.4785099,158.4635067,132.9671606,137.0201922,153.1802004,127.7841306,229.4595811,202.5141094,113.222097,174.3139832,161.8082505,386.346401,124.5272866,185.9564023,126.7592285,142.7507358,304.825414,151.7143149,188.3114149,168.9385138,182.3706585,139.0562762,215.288607,129.8855709,274.3047851,139.4237466,,723.0908417,580.0642378,144.4332461,643.1822035,130.8244002,617.1634496,151.9703059,155.6212393,200.879403,322.6261069
2022/9/15,1549.707902,87.63923259,226.8325749,173.1683699,150.7776341,170.5217339,185.8139821,126.5040137,193.9841722,214.0090451,133.7988092,183.9460085,188.0870433,459.3066868,144.1792831,139.6642696,144.9531678,158.090617,375.5105926,168.4113062,358.1935298,194.212013,251.1115904,165.134425,244.7328013,147.6108183,283.9363376,152.5270049,,1067.952494,683.0958839,181.7228475,949.0311385,112.0489302,585.851204,180.90077,196.1106865,217.2821698,419.9863858
2022/9/16,1570.359275,116.3389766,307.7230656,296.1786368,143.6693924,173.0801572,208.8279251,183.0803039,202.9352495,286.819365,173.9449768,199.6552241,235.9422463,294.9008403,173.5574537,176.2661441,211.8095141,164.3208942,219.8349379,182.0038512,616.3166769,370.3562637,289.7557,236.3723207,311.1645249,158.9755111,550.5928834,240.391329,,1500.340891,1107.744209,322.2550302,431.9320065,167.939204,687.1018982,368.8815515,196.783627,166.2635426,290.884548
2022/9/17,1452.466277,139.146648,375.4537063,526.6273977,182.6823771,189.3660643,274.616275,127.1116922,206.9211018,359.0366709,210.5830183,182.7390025,321.9927927,211.3845845,163.2962782,209.5420989,255.6857393,175.8157839,195.2678986,195.5045221,442.5498112,505.0403951,380.2893009,291.1063271,429.202535,177.9889924,610.6901758,212.4107533,,1582.567308,1256.6889,392.7922645,487.2138507,189.6195498,635.1702455,483.4345205,215.4443194,171.0752871,300.4266869
2022/9/18,1415.831523,136.5627454,331.7016381,254.9330416,167.1554447,166.1619249,291.4825029,168.8095745,258.8867381,306.4224806,157.4579618,169.0645288,232.2557765,368.5340013,148.6369766,208.6643336,171.4925311,172.1676412,249.0018174,185.2919734,343.4194113,384.0153669,406.9985638,232.3424266,497.3420817,149.963328,506.2997186,,,1322.246404,1313.115422,261.9172248,1062.38436,161.6125687,673.5146627,360.48888,202.5183395,178.2210896,429.9488751
2022/9/19,1136.122345,103.6966854,212.0030795,175.3725463,142.4910596,135.7231203,162.6425257,133.2111127,196.0809995,204.2329183,114.6765636,196.3905998,147.1572597,547.7338594,120.5527084,178.6254325,115.8163632,136.6646248,357.7373202,148.5774179,324.2784408,169.0214672,202.0128936,135.4186183,239.7198533,124.4702789,235.1154016,1957.044412,1023.006966,730.2389385,970.4765059,138.609486,1261.464543,113.7279705,726.7685105,154.9838417,195.527588,216.4138618,458.3515337
2022/9/20,1595.725535,82.27329652,229.0568245,225.5806563,109.4562498,104.8086531,128.6171285,108.18551,179.137489,214.2768264,112.7149901,130.7558902,145.3871928,318.4124346,94.56098248,129.4456144,151.558732,107.9733471,270.6559496,113.5629479,464.7818753,272.3263556,163.7167071,154.0259165,180.8707801,104.2401726,398.087084,,,998.6347254,1294.064553,208.7362767,1128.125713,104.9249096,767.4573288,298.2375582,119.3784976,150.6398225,327.789744
2022/9/21,1709.847011,97.5476084,229.2333985,588.0956806,103.9320467,106.4080366,128.8374982,87.95996469,217.2621443,219.0956324,149.5238225,104.5817769,335.8642493,121.8735708,101.1592769,145.9702042,288.1054348,115.6139629,122.8334025,123.4686849,329.419096,447.5742902,146.6144405,181.4823555,257.2415011,115.6192945,669.0427257,,,1310.840886,1262.416374,291.2908029,507.585562,148.1009861,493.351745,519.529774,119.0527683,99.00873657,151.8801282
2022/9/22,1595.923595,104.3850053,194.1760198,479.6800913,102.8257099,129.5991403,146.4670969,114.0979301,132.721374,185.3724678,116.9354939,200.5763193,160.1027782,132.3320276,129.7109797,149.1048456,235.2978319,127.9071669,138.9039782,144.3248882,184.0192038,255.9274597,154.6761627,150.7511342,220.2426697,127.7419027,639.099921,,,690.6516174,656.4586352,170.358345,623.3874995,162.7431012,438.0665255,441.6951124,136.5610959,111.1446975,143.6324545
2022/9/23,1743.287007,81.85435066,243.7721173,255.7524653,87.23400288,84.11482908,139.7502577,81.37901681,140.0955003,226.5496837,125.1333955,229.0874387,172.9760874,246.4964188,95.34018204,136.1003533,159.105731,139.0747249,255.8113375,126.8039295,511.5549545,373.1079728,188.7687076,166.910472,257.7889185,99.08174858,881.0169651,,,994.228924,1193.694666,245.901305,1278.110324,107.4730189,791.2675696,408.7812951,101.4156529,122.6724916,295.7678975
2022/9/24,2396.609275,117.3660231,280.4999687,454.9284061,109.789549,100.8234483,164.8730066,86.83550675,163.223408,277.422372,222.0687346,119.9287036,263.2804066,141.5181078,106.3817451,156.424328,294.80526,127.2446258,137.9836455,139.8075601,383.4673105,471.4899161,202.053512,238.231326,348.9518489,96.83441718,1234.971606,,,1669.835629,1843.564395,388.2992892,484.8016337,199.8515594,692.9782747,558.4457781,104.5303239,89.60316485,167.2917506
2022/9/25,2152.538094,113.2777563,266.3094725,460.6486505,115.7183674,114.581813,140.3968747,102.6769535,241.2868365,254.3967205,153.4190111,112.2530798,320.0924883,128.1119559,110.2126749,158.125873,295.3108273,134.9581222,138.2170062,135.0200793,480.2395848,433.1494403,173.1548921,203.573886,204.3717188,108.6547926,693.1637251,,,1281.823268,1115.191385,338.5772379,489.47783,241.6543446,565.5102583,346.2224065,127.2182621,105.0884176,136.5131324
2022/9/26,1646.679077,171.0816753,309.1950059,372.0640853,123.762598,126.1301725,164.2667914,98.93034675,410.5500948,296.0455798,181.3860991,120.8468578,354.8123144,146.5150021,119.0350528,215.2136776,186.7850144,151.0173858,154.3155438,159.1223118,312.982274,420.0796821,214.3280015,247.8858917,249.822846,131.3343998,323.663702,,,623.9378001,541.0988423,316.9158405,1367.860285,131.3523589,331.5471984,358.2286153,146.7014021,115.1191224,156.5532729
2022/9/27,1396.860006,136.7031526,274.2017493,331.4841978,135.7475396,144.4931073,197.6268595,99.47970818,211.2038371,265.6924461,154.9641104,164.2221035,172.5804618,163.5495128,130.4695695,212.0138837,176.4016049,150.6550223,161.2328487,155.1658551,212.708567,321.1633785,267.2672753,228.4923777,370.5805585,139.2375674,489.5880889,,,1032.18127,613.3853558,230.1659543,1278.368589,131.590758,338.6717037,428.1495231,162.6627936,129.1722964,214.8277033
2022/9/28,1543.657657,150.446218,277.1968849,484.6836751,144.757322,156.1043715,175.6367145,111.9413679,523.6709659,266.4332946,180.332274,140.1699929,436.3220287,155.9376283,139.4589696,214.2748916,231.1552674,156.5540698,163.9097573,167.4285293,297.4953318,336.3349663,242.8793671,223.4540965,430.1284685,151.1003272,556.9629074,,,801.6837129,718.6724322,276.5843004,702.5178921,194.8751746,460.2334994,456.2822078,177.7746461,144.0285453,171.7902648
2022/9/29,1658.698069,133.7664043,294.6010664,445.117108,120.8789795,132.0124606,156.8217559,104.1612768,388.2714505,277.9867142,149.8124128,117.8791094,256.4408507,129.4665666,118.5002854,185.9930942,185.1837428,148.4425,145.5425151,149.2701021,230.4553758,337.6256829,230.4635127,232.744717,340.9557847,134.4508805,658.1636075,,,853.5080988,728.1612699,286.0370718,1509.032363,156.5807733,416.1523514,463.8936491,154.8754409,114.8857385,143.3664164
2022/9/30,1373.816792,151.686624,286.7330975,467.6251447,126.4726942,137.2702315,180.1530472,128.390159,674.4388609,288.4521755,151.463959,123.8791215,360.8186258,152.0434105,119.3884413,215.2994597,171.3180014,142.2369826,150.8500869,151.2897503,200.0600098,361.9258446,248.899921,247.7272196,283.4079312,136.261734,436.1244586,,,802.1854818,576.1326032,253.7952581,1330.374037,161.1985256,368.5060203,379.0428442,160.8639113,119.1906386,159.023927
2022/10/1,668.0308439,142.2408525,243.684267,272.5162015,170.5703864,175.7919479,205.2428116,156.7772148,239.4883042,221.4660055,146.9839719,175.3176887,218.7267595,398.1235375,158.6021263,197.398147,168.9128495,168.9284752,252.0485038,176.9163055,266.855964,222.5061554,189.5711442,193.591287,264.5486804,158.6846563,240.6315571,,,695.290277,377.2319664,217.1636807,575.8714084,159.8572336,275.3740768,245.1809596,202.6511196,173.3938819,338.5653473
2022/10/2,1289.867903,145.9778053,242.3703151,162.5607399,174.5502826,176.8231587,205.643374,166.6754939,246.597111,220.5553298,138.6366807,161.6106469,164.5772558,282.199701,154.329055,218.3070639,160.1510653,161.2943037,204.2306333,178.444248,267.8972655,205.2771919,198.4924821,184.4234,261.1734605,152.3052357,248.6139714,,,289.8060821,273.5457913,201.2833281,875.0109891,136.1236412,246.8392258,205.1164424,198.8214215,179.530744,277.5934138
2022/10/3,1679.761538,130.8471635,196.8746811,153.7238692,138.8459276,133.9682424,162.4712172,154.2308149,244.8109598,175.3556274,101.2181439,130.1956631,160.9353808,301.4660958,119.1893024,197.1899054,129.2779429,128.4391222,212.7940399,139.0590464,215.3562025,162.4826549,168.3113657,148.3501916,221.6889844,127.5483521,220.4514609,,,230.0705061,238.9247084,147.1185341,1016.108121,122.9063113,256.0312107,166.2952572,150.8452161,144.2346297,230.7156402
2022/10/4,1008.572988,97.9406332,131.6126977,100.243356,100.3390187,46.98795483,97.38615558,50.69435972,173.0560021,110.5682284,33.42795519,65.66540211,92.75765442,177.2587912,50.00029583,146.9551905,72.4886607,65.02919729,130.6249618,60.56413545,106.9505545,89.0177635,91.13038757,76.9702514,120.0037636,83.95383937,135.318086,,,238.7142853,639.2794549,45.49362921,844.0265549,39.90123658,498.3616337,85.85219657,43.89411355,57.31578502,147.6349758
2022/10/5,769.0294792,,209.9425553,201.9272156,144.3425409,123.9705138,193.9140652,109.8021876,254.1520714,170.6991965,67.19374788,221.4810243,197.1763466,266.6088886,130.8825377,,116.7071158,125.1749187,205.4664738,127.9659706,152.586811,175.8088968,226.2780249,153.0201117,365.0593796,162.838651,247.8108374,,,1052.050797,479.3344894,117.2701947,3416.155497,87.77164968,332.6663715,169.3911197,99.95976454,137.6022222,374.4811691
2022/10/6,1803.857452,164.5795415,290.6734321,378.1120727,177.3457995,186.0914953,275.5503027,162.2898599,229.5463025,251.5490872,179.8200803,230.3994324,219.7870459,225.0845099,229.3287471,269.7338281,269.125459,189.1256397,225.5344617,206.1346031,315.6185163,262.430142,230.8568673,261.62009,344.9958161,210.3789651,442.2334907,,,1234.036406,1021.255264,212.2070518,1540.88405,186.0415392,374.7983581,673.8166884,202.8300758,177.2446998,315.0936541
2022/10/7,713.1492076,127.0950607,228.4132774,899.9989944,149.9563165,168.1080314,193.6514717,72.97785655,178.3956192,206.698124,151.8591404,145.1408045,157.1619168,161.1819807,148.7466642,224.7251531,226.8991759,160.0682282,162.5610991,165.1026117,280.0381928,238.6554078,183.3973558,222.3805623,373.6768803,36.59854967,302.0264068,,,911.5498972,442.3088074,207.893503,765.0425888,227.7054644,250.0480564,471.1947958,186.6462892,144.7889997,187.660924
2022/10/8,1068.797478,137.1288399,188.2225516,878.7877345,105.3667908,104.7542088,140.4386107,41.89431234,131.5966795,154.3857874,108.8565418,107.5745296,180.486099,121.8384767,102.8970653,264.6608765,186.533952,111.9535388,123.9321961,116.1921772,229.6992245,176.1721997,128.9381614,154.3435835,260.7562639,132.4496317,311.1079724,,,1184.106673,397.5971067,140.99955,725.7719285,269.8476378,211.2042586,398.0416837,120.9447001,99.53214644,142.757301
2022/10/9,629.5563266,102.9121994,172.0028721,326.0742235,94.94641439,97.03764392,189.1718476,231.8866245,228.5604533,142.5300971,79.52828238,178.4148101,171.3337355,149.6330531,94.65074242,145.1510634,139.2082973,112.7897703,141.1483837,123.3804403,264.3854178,146.9990847,141.1109577,139.0253045,211.8802595,79.43784285,233.5887224,,,796.2936013,289.5964922,111.6098078,397.9941694,111.8965734,240.7735266,490.4062682,96.66488327,88.56849674,189.5274924
2022/10/10,1293.085353,79.87605007,245.8618407,258.5866109,60.6277929,51.36487276,117.2297809,70.93758616,210.5395581,230.4368156,66.63233377,90.50703744,198.2834477,99.18852273,70.62939922,98.47240646,116.5842291,86.60561606,106.035184,76.10254014,151.619703,192.0558322,151.1984381,145.1698746,284.638509,102.3252489,240.2530951,,,643.7005984,663.4453718,152.0153412,1326.385119,96.9110156,323.2995505,332.7499258,53.71542523,65.39668358,148.5069118
2022/10/11,757.3318234,140.4642912,253.9759078,342.7415608,80.16643252,76.07785937,122.9736085,55.41110315,157.2569348,239.1158926,96.38408131,78.69053522,202.677307,88.24168824,67.64580565,145.0981859,126.3054322,96.43039375,100.0668104,93.5070188,119.942829,288.673613,196.6222891,176.5317652,345.0802646,202.4852225,161.8586254,,,575.7266176,1397.955886,176.2107169,894.4872883,191.2167963,289.9109894,347.333704,89.7469651,67.67653699,112.5865787
2022/10/12,1876.715423,138.0539611,209.6395633,323.150387,99.79291791,64.8153317,131.4651274,57.31876873,199.7622255,199.3942441,78.53921447,98.29894447,232.2289958,95.57566718,57.36068161,155.9832319,119.0945793,79.12974417,94.95010081,80.64220182,167.0534953,295.212091,242.6804242,181.5394354,404.9572834,67.51996274,352.3427589,,,999.1348079,708.7680961,189.9900302,1491.841612,,293.0668174,294.2903017,73.49761914,59.69407245,298.0352618
2022/10/13,1766.13028,101.1978216,214.7767083,209.7986411,98.78024903,85.45333543,138.15146,74.36252818,180.3428666,203.4545143,113.9183742,125.2736026,161.992478,106.210162,92.38733797,126.0765851,142.8555148,103.7963451,107.1738423,106.460839,183.609826,254.9467533,196.1201925,174.8020555,389.5884063,95.52734978,406.3089555,,,1573.361475,767.863454,177.6440157,1063.955364,,329.2478542,372.8778847,99.9336706,84.12287582,171.4842496
2022/10/14,1019.677636,107.2679321,279.3017288,287.3954361,165.9760844,171.9495458,219.9674183,118.5186793,181.3326889,252.7207113,201.9292268,180.1621129,211.1399279,177.8869661,161.4148872,150.8096061,222.7312904,169.5868752,187.442078,186.250205,350.7171335,279.5557745,217.6047646,247.8228074,437.722837,180.5452181,396.3082685,,,,1189.338706,260.9249434,841.5578353,,377.5716716,840.3538022,193.0775891,162.5437359,294.5852041
2022/10/15,997.0762962,155.6994152,298.9843051,379.2043597,191.5386233,212.2295245,276.8062184,147.4470314,202.8988714,270.9472333,224.6792302,209.1689893,302.4242089,253.377697,206.1776192,195.7651897,250.7057824,196.7014947,213.9969895,225.9512872,286.5728313,306.5831587,254.1020679,270.0654876,516.5699398,195.7428893,470.556408,,,,1351.377982,294.4549651,783.6381848,,499.3208266,547.0746744,244.0564027,194.759584,293.6100144
2022/10/16,1774.850338,181.6914288,237.6514271,242.2864463,163.3804591,171.110689,215.2071185,137.3170669,175.6458193,215.7135812,151.4326587,190.8428733,221.1013079,255.210555,154.1971009,261.0668591,176.9255334,157.1458488,216.1374345,174.9100247,428.1998233,222.8727114,195.111647,196.7929716,307.6559189,157.5306327,398.7011351,,,,862.4288184,212.8223946,750.0338218,,596.7946923,373.966163,187.3983703,175.2888054,255.6862153
2022/10/17,1917.327733,83.02726432,141.6315008,80.14817355,85.19320083,58.66499708,130.6675139,46.88671873,83.4160407,129.4164158,48.07869072,86.7171505,69.11589107,171.946055,56.36859712,110.2070431,74.08632369,74.71615636,187.5729662,69.92317833,122.798964,129.6508573,129.8641663,91.48972058,270.6160737,65.74478259,253.2692903,,,,373.748284,82.28741611,749.9446617,,270.713952,152.3613971,74.56440852,81.31909913,239.407502
2022/10/18,992.8895572,89.33445872,179.5982139,320.2555918,65.21766633,51.24949985,,46.48832764,507.8219327,170.9284536,65.15648764,72.49471779,223.8589753,81.65723602,45.85501947,108.8821296,116.2762423,72.72529694,92.13067246,61.55241581,133.7593213,167.4164191,157.7772235,126.8036665,453.5928316,125.8232085,158.2175092,,,,461.0790902,100.7755271,714.1260119,,191.3815928,316.0306253,58.46500172,51.23929543,106.973066
2022/10/19,845.6403119,109.8851525,224.6625899,238.7021164,73.43251832,55.64501798,,50.93092991,494.7463355,216.8352113,67.6012556,73.39585342,236.160784,102.2732837,53.78506255,119.249376,,84.65618248,114.7977162,72.5799843,101.9852005,204.5211917,196.2105478,169.7699469,706.062129,90.22698167,172.6426628,,,,516.8890545,162.6585359,669.8269603,,513.7469747,291.422237,66.1645442,58.86400367,162.62116
2022/10/20,1236.917297,112.2109618,220.5015665,247.1226938,93.57867497,74.37413473,,49.84678357,338.5720242,213.1293242,86.50966068,80.18588735,223.7936406,149.178849,64.46201836,126.4855832,,93.34219381,124.2942576,86.64989284,134.732504,248.1778568,205.6332099,207.9133141,487.5799954,77.05187317,233.0772291,,,,415.8550821,172.4102251,940.1369726,,324.7083748,295.9309087,90.63547423,75.76588053,218.1206906
2022/10/21,1818.158451,126.192644,314.9353961,269.1905199,114.6714758,112.4479808,,77.28844277,215.6152545,314.9068912,158.5476116,163.8861351,215.3524818,165.3526557,112.6442169,165.7656886,,130.4456254,163.1058399,130.0008072,364.9225153,283.1418318,199.680484,282.886952,604.9840346,209.7531506,416.789011,,,,965.7697299,274.5534869,1359.15319,,705.0750692,513.9696784,128.5478907,116.441726,256.9028649
2022/10/22,1970.803414,143.3055515,331.4729914,258.1829731,137.8744123,148.9962646,,145.9537873,176.0496936,319.1244021,151.0560053,192.5608892,187.3096663,449.5938243,122.5419293,239.848197,,141.4310361,239.0064766,153.6310944,244.6055185,254.7377385,214.8336475,233.9336093,310.6751278,146.6501275,403.8631637,,,,842.8370306,202.2008093,1250.141191,,890.5195508,291.0768636,174.1075318,189.971855,604.0554997
2022/10/23,1893.340984,140.8198818,384.4629374,239.6903337,128.1112783,109.686617,,132.6841512,180.0322166,380.2244446,123.3101712,123.9069673,197.7440759,200.3552795,97.11785719,186.3197952,,118.5167348,166.2187012,124.4755376,376.548313,359.9820917,323.7574511,342.3050528,577.9742128,105.5480562,543.4070566,,,,998.9686287,230.2251392,1617.400978,,584.8794156,468.2978899,120.9798633,109.2416827,382.0378475
2022/10/24,1560.802476,126.2849587,329.4803935,253.1791937,121.5136199,103.7019515,,80.85828534,525.7664674,325.2344514,129.6172385,112.4797733,302.8633309,170.4352692,90.22012005,149.7425266,,103.5238033,145.3589091,108.6494565,205.871784,296.3856762,278.2070346,344.078626,304.9005867,115.8788675,286.8846182,,,,973.633628,190.9552127,1378.497564,,567.0769389,326.3265199,112.2890531,91.86948841,256.9317528
2022/10/25,1034.986321,106.860332,241.4897634,283.7609009,87.06199649,74.423853,,57.53102491,355.2359409,242.7634406,78.72247196,83.98445692,328.0655957,109.1920038,62.92496946,116.2554756,,84.65512479,97.98789668,80.9288385,155.3599543,262.5196684,174.4080729,193.786541,205.396659,81.98047453,174.2597211,,,,465.3618656,130.289226,907.3081812,,197.849424,270.6949632,89.66997741,68.08925681,132.6189871
2022/10/26,1032.000603,103.4566508,161.3038627,238.8304165,79.08944331,72.11903941,,59.4727561,316.251942,155.8010837,74.09007118,79.47787647,160.2525129,104.6146774,71.22842404,133.7561016,,84.91947735,104.3004851,90.69299819,117.3734733,162.231236,127.9030233,134.2865646,213.5764384,96.99836781,160.673038,,,,280.3092617,105.2412893,947.0436253,,167.2129337,148.5852606,83.18567795,69.49961804,118.956697
2022/10/27,1516.915993,97.72290996,201.4529272,120.1826777,117.0450943,120.3939883,,102.2304995,122.3313498,191.5078626,109.8078072,160.2883436,114.2330047,161.5021494,112.7731847,145.1155078,,126.5590478,163.6802374,140.1072688,241.2278725,174.5642635,151.2719328,148.8996759,240.0145097,132.2353824,199.8898477,,,,272.3687733,138.8703743,520.2841956,,207.8912785,167.3685811,134.2527539,120.2766287,178.9670284
2022/10/28,1938.828231,89.37793975,153.6097106,112.4962305,81.33742548,82.97471469,,75.78481756,105.814828,146.7645508,64.99257899,118.4381533,91.5853283,179.9845688,77.30780941,131.770653,,89.61499367,170.8309139,93.10718905,128.8611065,132.0312765,164.7370497,109.9877866,202.8362775,96.4363786,250.6835958,,,,234.7646674,90.39357623,991.8708262,,182.1763495,120.5988275,94.97110508,97.42073895,249.5880831
2022/10/29,1334.990847,87.64775172,166.6910943,135.9143964,107.6594757,105.4868067,,108.3515084,141.0334493,156.8557491,90.8642247,142.2471058,119.4133528,301.6627273,97.60042433,123.928466,,108.1933546,254.3233007,114.0053483,174.749538,161.7721753,174.4410881,135.5555123,242.4997609,113.1148966,273.3836472,,,,470.0224504,122.9052,966.4159314,,244.4794766,150.8398551,122.079724,129.9486237,368.5159461
2022/10/30,818.0310402,117.1618668,190.8191398,183.8425861,118.0809868,113.8557765,,107.6128849,158.7188043,176.3467973,133.7258077,133.1088563,160.7770114,193.7794643,112.2536606,188.0582038,,121.4126082,178.301721,126.4809302,209.0393468,200.7949087,167.828796,181.8104106,259.5534113,130.7243968,322.9793918,,,,1125.103148,164.8683355,1150.688645,,266.0229475,299.8848492,128.6522226,117.2591532,265.2462313
2022/10/31,1285.964421,186.0718009,266.8431035,205.4814945,179.3860612,211.2492316,,127.5170553,175.0760758,244.5224317,195.6847067,200.0180977,191.8849322,226.6250421,192.3271101,257.129307,,191.8412261,217.3249099,233.0317456,353.0108428,317.7345639,247.7171028,251.7714833,327.9389754,201.8357619,347.1990795,,,,997.1299213,258.2372944,1211.727992,,542.0445546,299.6984803,230.7908393,204.5796616,385.2888521
2022/11/1,1358.431198,129.3294738,235.5142242,257.6512729,162.8254788,184.5875805,,140.23461,258.3233281,210.9615409,165.9043911,186.2368547,242.1867181,273.566334,166.4175779,199.0354982,,172.326913,236.6854886,191.5313798,231.9457778,235.7300435,226.9295488,190.5274633,294.0929559,181.1335177,285.6935095,,,,455.3712053,207.3556219,952.1142303,,309.2527792,231.3610772,203.1948584,183.1931992,390.8449407
2022/11/2,924.9728816,115.7440728,195.3094286,296.615312,90.92140128,94.69862835,,63.77905586,352.5957916,178.8839028,97.77013026,100.1760703,341.4685973,129.7699709,79.59454566,152.3876008,,94.61461648,122.5770588,95.57520308,181.4458163,231.5143364,181.7226071,161.4078471,205.8975866,136.1590063,224.6153579,,,,438.434464,137.0314058,749.8233549,,223.5211626,245.2384061,106.3119461,92.52396656,155.0747767
2022/11/3,1439.420411,114.3339493,163.166352,143.8433093,91.7725452,80.74007709,,58.72039857,205.1155877,153.7675244,79.34365048,110.5645449,169.2703439,172.1737101,80.30856242,166.2890461,,90.15406257,151.697406,96.94753249,172.5338508,166.2111202,131.8600403,131.0711074,179.7508323,104.5034682,199.4104784,,,,421.8628748,105.2952695,692.6087302,,347.7785377,148.1277886,82.9081779,90.62524517,186.6232625
2022/11/4,1138.720183,73.66432913,146.5059594,165.1229775,55.13301507,37.38554407,,55.28417068,132.1845462,130.5047451,30.90227331,55.36259953,104.9340952,111.0580478,46.35524195,105.1704315,,61.12727514,103.444563,62.20610807,74.61985067,132.6201415,123.3366483,150.2263119,138.6024835,81.18320287,140.2479219,,,,1102.008904,66.6092026,570.7396964,,209.7263645,152.9193314,50.20375084,62.49880045,145.7045033
2022/11/5,1238.365586,82.14348379,152.9900494,341.547828,58.84587066,41.03171874,,34.05626586,621.2015989,136.868829,57.16767507,44.05139636,240.217486,84.4181791,47.1807181,100.7173842,,58.92193539,82.31087088,60.25486723,88.28111725,189.2015071,131.6462068,136.1697972,179.367226,64.57565617,201.7014178,,,,895.7900536,120.0823514,643.8091379,,215.0825635,306.86387,59.57767663,43.5279498,97.75445737
2022/11/6,880.6959134,81.46445801,140.514102,369.6699532,88.18826535,80.90030812,,41.12243963,492.7856084,130.6959909,88.39640196,77.09094997,227.772519,112.1907372,73.07702333,103.2708465,,80.78055158,108.5777007,94.7811445,167.1025048,159.8467339,146.2951572,131.2787284,198.6210818,94.26509128,196.275199,,,,920.9280646,116.3237647,730.1159731,,252.4753221,314.6396476,87.02137765,73.34244817,147.3274573
2022/11/7,1601.07798,137.0152199,231.6996544,204.8468174,173.7897996,165.5053165,,156.6462151,208.2128858,215.4278916,148.566041,194.9672709,195.4896745,240.6272089,148.4898739,208.1827526,,156.4001201,225.3252261,181.0499397,262.8057218,212.0456644,203.2476275,181.1718849,281.0380361,123.5486915,267.3638447,,,,478.008809,174.6841754,932.3076609,,335.222795,223.2837128,185.3667719,184.9147787,335.0466277
2022/11/8,1471.485239,135.4434978,241.0891335,197.8538053,182.3894806,165.9158199,,160.0300794,215.1018034,222.4728674,150.6546985,186.8982081,172.6320706,277.7704443,155.2741537,188.9640062,,163.2978828,227.0525482,177.5599787,209.4917175,217.3234389,205.5189092,198.4900884,279.4143544,167.1641811,351.6183997,,,,807.0184928,193.1778148,871.3054638,,329.6324739,222.7300737,185.1051422,174.4333572,555.9898992
2022/11/9,1341.701903,117.1877868,257.0137488,213.1539781,178.6976671,170.7596638,,146.1302513,230.8518324,232.5893159,188.5902273,175.2544341,179.1181593,204.4783135,158.5590308,156.024519,,163.7203216,197.5106801,196.4518439,335.2202838,233.4538733,219.9876376,240.9658581,295.7271225,190.266686,313.4429708,,,,507.3287662,227.1242326,797.2119657,,345.7156532,349.7282355,189.0893281,155.8220234,282.7039232
2022/11/10,1602.430976,120.2212673,348.6800579,213.4614117,233.0362459,264.5469719,,185.065398,236.921944,312.8635278,241.1270017,287.8298373,197.045843,328.7268038,216.9071604,172.6827349,,235.2994703,287.5725161,241.2571575,384.145704,319.1905957,295.2639089,283.3574951,377.5598581,229.1123086,352.397997,,,,496.2710497,286.3512652,818.3086523,,391.4724232,364.8388436,278.170178,238.5575497,335.2605225
2022/11/11,1837.595335,121.7685382,407.4510304,252.3038864,281.8071763,333.6779566,,241.888288,277.2753746,371.8431396,298.5142901,341.9533637,241.0298847,432.3370484,281.3997806,171.9434053,,294.8670258,370.8851983,311.9136149,371.0877823,381.7675273,343.4737353,348.8461588,462.0042032,284.2283066,396.649439,,,,819.3764959,376.1258399,1008.803101,,449.9020549,390.6344493,365.4418479,316.6681878,436.5727591
2022/11/12,671.1294711,82.98534926,120.9808704,124.678551,76.10420576,74.6103231,,141.7901172,141.8626776,105.5930264,60.5218616,100.4083117,115.1721164,168.8980083,77.48866635,105.7520111,,76.81694157,113.5439755,91.86067083,278.8449858,107.9957956,103.9553484,92.56117514,184.0882519,89.65291194,166.5942485,,,,211.7120904,74.91116336,293.7371219,,134.4765727,183.0196466,79.59137533,75.33325391,166.4155612
2022/11/13,1286.608249,53.30380671,61.04836185,56.35481575,27.63866175,13.08068407,,21.15844374,72.02792354,55.92404248,13.00306898,45.94274228,47.82697863,140.3463916,21.79893363,71.07999163,,25.01729275,74.13558656,23.14686836,14.484767,58.37510853,43.61767178,78.09955769,75.13237606,17.30305384,93.69682581,,,,192.8431686,14.42366191,519.8209092,,91.20149153,59.91634159,14.99619934,21.2566529,134.6244039
2022/11/14,709.881166,45.69652158,97.42624223,355.8184023,67.7871927,52.33317397,,28.34520122,95.5979931,85.78424584,62.52977108,54.8992649,91.45574315,80.31261093,54.08755693,57.32957257,,68.12220651,81.02561408,68.91645678,104.2207475,135.0728038,104.6536392,98.00383485,149.0401615,70.43213861,165.8910928,,,,281.7568178,90.38401938,468.0120886,,125.4141373,345.2302895,62.91725011,58.14249375,110.0172255
2022/11/15,565.2921517,80.66615473,189.1082461,238.698928,87.11245269,73.35414122,,103.3641532,265.5559842,162.998583,96.15520105,93.65540925,177.0052655,98.3652419,85.17079045,98.07547102,,91.09369115,107.0297944,109.1333794,135.6450443,163.8822962,140.2543714,130.2583126,233.3012441,71.09078034,174.4431495,,,,428.7384004,134.2521399,446.2535018,,236.3722685,345.3014869,95.32170183,87.80851629,125.8960907
2022/11/16,467.289918,84.83513232,117.7453517,321.9159312,69.40511899,46.73872645,,37.14803442,167.5060013,104.9663163,59.05616132,64.96699943,222.3698502,84.66836996,52.01076701,102.3041582,,65.01350228,80.48981398,58.94508748,114.804757,146.6910861,116.5467678,110.919473,211.8716512,38.50480944,147.6779977,,,,507.8835976,93.60973582,563.6248499,,123.3456817,249.4713996,53.21995754,45.08490831,100.4468558
2022/11/17,1409.277194,94.16768324,193.6809407,233.7330706,107.4851783,78.11639873,,58.9501025,187.1238667,177.2228932,99.7042353,107.8195547,177.8310713,140.4539851,86.74034234,121.5653369,,100.4681319,132.2425268,98.29833746,132.7827305,196.2369241,198.7387545,202.5262808,222.2239196,77.16185641,216.92461,,,,1277.689423,154.6672864,1067.512666,,278.5486983,293.905294,103.0478311,88.50003627,153.8699582
2022/11/18,2044.737112,65.82960761,250.9369,160.1327811,157.3591535,164.6104248,,85.14829535,169.0053597,239.9075181,153.4133938,195.1747564,137.0817836,269.3696744,145.5811212,98.25086564,,154.0633402,247.861695,165.5576904,321.537728,224.1224551,225.783087,202.9629639,274.1739821,174.8693072,253.2630211,,,,861.4640886,183.6884553,1997.970346,,290.4095269,228.6647025,170.6888631,164.0267793,294.7080641
2022/11/19,1565.749517,124.6252563,221.6037808,195.7856894,129.6049877,138.0166411,,133.2435698,197.8802121,202.7386825,123.1627564,157.6757248,176.7238558,201.1673765,121.5884472,173.7059485,,137.0608711,191.2699047,129.675706,159.2986595,194.9008559,182.4206256,184.8238692,252.0524701,138.9282607,251.3762918,,,,707.8532017,163.1471689,1200.134024,,251.8197232,239.7276663,150.0630962,140.2185656,237.1601602
2022/11/20,562.9100497,117.8585419,188.9661425,276.0260397,114.5110556,114.5142122,,83.5724717,268.884846,170.5332352,92.0039247,119.3729821,228.8514358,155.5646002,99.06064999,147.6620799,,109.4040415,147.4065824,103.6767111,115.2896633,187.5234534,166.0258556,134.3087742,234.2165357,119.6056591,215.6707566,,,,328.1019659,135.627378,515.09909,,196.8205741,217.0161721,119.2713996,98.85826367,229.5967128
2022/11/21,1857.696992,121.6304391,285.5962626,188.7990965,181.8677747,189.4333475,,152.0779998,234.9678084,261.706869,165.8429798,195.2886229,189.4657817,271.4457563,160.9922919,179.5355878,,173.6782732,228.1349211,175.0778948,250.4192778,237.813704,212.0111433,124.5292076,291.7792507,35.8699661,251.0070215,,,,380.2270094,213.7953988,631.4330364,,273.7153024,243.3620455,194.8766265,168.915971,280.3749068
2022/11/22,1331.592127,130.6345271,216.5656573,156.0015456,128.6275339,131.2702257,,100.8686149,216.8080424,195.1661143,108.4482828,174.0046227,152.03494,280.5718305,119.4436838,154.7156931,,136.8379866,200.3892133,134.5903753,150.047531,186.9349129,165.0786215,101.7435667,222.544435,18.76112586,233.7153711,,,,902.4614726,155.2740071,657.563805,,232.6955156,184.9280149,138.3637055,133.2739387,282.7811368
2022/11/23,644.6821698,143.8987388,216.24608,543.4672039,150.8211553,159.3755393,,125.1243338,234.1318488,190.7300252,158.0818093,160.9631983,214.4606954,177.0123743,146.5627537,200.1547611,,152.6893093,176.0317676,156.8426691,209.987904,219.6838667,184.6350543,161.0463257,254.0577194,170.561179,271.8624954,,,,559.3705821,188.1691975,614.1897739,,263.509789,357.9399673,176.501995,150.8792927,212.8220224
2022/11/24,463.1836708,126.1587479,195.0382934,608.9178795,123.7398138,127.9876854,,97.32915664,222.1092917,172.3701236,131.2771064,124.57354,221.2761451,138.9843723,117.3720696,174.7537229,,126.2531158,141.5703304,126.2994351,190.374591,220.7019218,160.3338121,144.0486522,281.9544298,156.9042572,230.9069596,,,,390.4295943,180.370444,1256.390722,,200.0290762,310.1714242,150.8783998,120.7001338,161.0222734
2022/11/25,760.472963,170.5658384,194.6814671,400.6029893,136.0114638,149.6104757,,125.6275779,183.9074098,173.081414,137.4256994,155.9653683,222.0238852,271.5647247,140.5416141,208.5211046,,129.7306949,257.1204471,152.3188076,196.117904,209.0385917,185.3025361,187.2613533,265.2387838,150.0810754,238.5080541,,,,315.7770548,187.9004446,760.0463464,,234.7587404,329.0897902,169.5220953,149.1517641,276.8881118
2022/11/26,463.5876138,147.1789011,246.9323447,133.2277523,35.07847969,15.8891611,,20.36995332,109.7240581,221.8831285,13.40999221,64.54018146,60.4375124,116.0159154,18.78692321,204.8299583,,29.47158246,99.25491903,24.44887988,18.39279,47.44466078,60.7594519,35.88701879,78.5687115,39.52210355,75.97101778,,,,146.2641759,14.32237365,399.6842714,,99.52959283,62.40913446,14.5952663,36.44091879,119.8042859
2022/11/27,,125.3113498,,,,,,,,,,,,,,163.57359,,,,,,,,,,,,,,,,,,,,,,,
2022/11/28,616.5010553,130.0424104,299.5990013,177.3378249,218.0564756,262.1590501,,203.8519594,213.8812936,272.2061792,230.8707668,255.3235026,235.9736476,290.9678056,211.8725313,131.4871196,,221.4567692,303.0670103,239.3383875,281.287517,295.6442931,248.2521769,250.5991164,356.3832608,14.87939053,291.3679832,,,,1175.148493,313.1475027,589.8038304,,321.8543777,312.1819493,265.4733802,225.6202418,345.3224021
2022/11/29,,,,,,,,,,,,,,,,,,,,,,,,,,,,,,,,,,,,,,,
2022/11/30,527.6312118,,15.399528,,,,,,,15.7214145,,,,55.82136271,,,,,27.12085978,,,,,,,,,,,,,,,,24.87162329,,,,
2022/12/1,1713.375064,,140.7063853,,,,,19.61894638,,111.5491394,,22.451953,,119.727371,,,,,139.6308309,,,,,,,,,,,,,,624.7852946,,179.8485561,,,,
2022/12/2,1431.255974,17.26475292,86.1713415,277.131446,29.29352367,,,11.34143069,,95.52083785,17.3483105,,,24.17302467,,44.055258,,15.50114153,29.99102514,14.46252017,,50.26897279,53.04259044,81.48864565,62.799892,16.41093092,126.7866169,,,,759.4824072,13.45377211,790.1488208,,150.1863045,76.46658725,12.29079206,,42.5281455
2022/12/3,2662.976757,35.71589758,,,,,,,,,,,,233.202817,,55.12217596,,,179.4667973,,,,,,,,,,,,,,,,366.090387,,,,
2022/12/4,3049.494522,,,,,,,,,,,72.250753,,160.2720603,,,,,127.0689943,34.29333,,,,,,,,,,,,,873.2418215,,285.9554085,,,,153.10148
2022/12/5,1436.079939,30.02165795,171.651867,249.1422797,92.94382131,60.95274858,,39.84053692,99.1005685,159.3436067,75.2617583,,86.85645248,106.4868096,58.91445267,43.57326958,,78.40527886,119.7889877,82.74785846,84.7993115,145.9897239,127.5828179,168.4772722,170.4292072,42.12771363,311.8889685,,,,547.5302902,99.32377177,974.9374848,,189.1686828,276.5746793,76.67597733,69.33663513,137.3863856
2022/12/6,1567.179724,59.38926246,,,,,,,,,,,,161.917924,,75.76169489,,,167.02199,,,,196.016472,,305.472528,,425.583,,,,609.0319155,,1289.811775,,204.776124,381.5488365,,,200.757203
2022/12/7,1089.146109,54.77984674,238.3565635,491.8158291,135.637473,59.77902615,,44.09138077,108.5704837,200.5831514,214.8097705,109.0893728,148.4243809,156.7377018,78.82360804,72.24673495,,117.3431878,151.8949049,102.1218173,133.301362,206.2760099,176.5761321,251.141432,247.1156346,48.40205921,270.2326514,,,,1086.154475,135.6466353,1259.54318,,212.6189028,290.3447552,98.16471422,89.46186682,167.2106439
2022/12/8,1797.488006,62.29417383,671.1936501,221.4122713,269.0025691,,,149.8834987,181.7219178,583.3736191,,,190.0151001,340.6155462,217.3071055,89.81864763,,269.9738963,325.0466857,269.7454761,,388.9255419,344.2457733,393.3411039,444.7421477,14.42155006,392.038733,,,,998.8848147,328.5565097,1292.694025,,431.1252352,,306.1438465,254.2726466,363.1921156
2022/12/9,1567.505338,154.9127769,533.9031731,266.2229686,267.8175094,270.150508,,231.0005014,270.2518886,462.218461,,,265.3132188,320.4546665,240.833117,183.5854089,,146.1495266,321.4244938,254.5651982,,357.0869153,335.4230772,418.6221635,434.0732147,70.79684769,389.0570877,,,,614.8401733,308.4576549,1090.721941,,390.5631073,,295.4523335,250.2693226,343.5926095
2022/12/10,3081.458155,,209.2605516,,,,,,,185.9108415,,,,85.1117209,,114.443105,,,66.7794777,13.98370008,,,,,,,,,,,,,,,96.96413808,,,,68.4666265
2022/12/11,2885.032246,,153.1777736,53.555087,18.82675367,,,15.607215,,131.4955075,,26.27503375,33.034719,59.68478863,,,,3214.899009,27.01285375,12.8221535,,,73.710467,,15.7513015,,,,,,,,1609.495941,,27.21776268,,,13.162364,35.272698
2022/12/12,1027.012306,34.94489721,20.88126245,44.64349083,14.35358615,12.427925,,29.8285833,36.05965903,27.33704558,,14.25997283,25.37970649,16.53448466,14.50549711,41.32394296,,3113.970892,31.35792044,28.67578081,16.6241755,25.99470225,31.08047675,39.97186739,49.39111263,17.17368025,127.0542359,,,,174.8582731,11.80450515,324.540712,,205.2037984,,12.97666136,12.60428964,36.88323975
2022/12/13,1768.17683,35.5054204,95.227263,73.24089159,14.60290975,18.09247575,,24.52744883,70.14828407,86.29288033,,37.077312,58.29346694,33.62591003,14.6756235,22.87455025,,3144.636506,55.91371996,14.02191267,12.815276,46.81685418,36.85259236,39.62741993,32.80058269,32.32422303,219.9355886,,,,168.7164583,18.05918769,399.4612755,,97.53370245,,16.96506867,14.56714572,64.75175476
2022/12/14,1786.172128,26.65376831,86.544683,285.8071581,20.47791428,12.72447125,,12.86919735,21.49874908,91.40810608,,,19.51955467,37.03595675,12.89172,18.99520708,,3153.443796,17.53959429,12.9353245,,24.32107505,44.1354797,104.3504583,42.16040775,17.7179245,196.6000208,,,,381.3232674,13.74152617,726.2226163,,108.8867089,,13.18889419,,21.63007017
2022/12/15,3003.157152,,377.800815,,,,,15.155476,,339.5483625,,,,125.7619912,,72.8706295,,,119.7639059,,,,,,,,,,,,,,1004.549288,,644.3225229,,,,98.097368
2022/12/16,3041.999563,,159.220867,,,,,,,126.1690175,,,,70.97337075,,,,,46.81337538,,,,,,,,,,,,,,,,28.77937364,,,,
2022/12/17,,,,,,,,,,,,,,,,,,,,,,,,,,,,,,,,,,,24.00197608,,,,
2022/12/18,1226.407346,13.54021972,19.5781773,160.7431916,13.48910738,13.95403881,,16.92140086,14.00860222,25.6285375,,27.07618,13.87737333,13.62686238,12.87287475,15.0156148,,3120.549654,22.71492307,13.051932,11.2240865,16.37430115,18.61769219,19.41552058,16.43161225,17.60751788,30.018814,,,,419.2450754,15.7149735,502.9478344,,330.7331597,,18.16175992,10.68024975,15.142677
2022/12/19,930.5048832,41.88518645,408.6623234,,48.3399295,,,34.31382442,71.819838,415.6505507,,119.9611655,78.42006,142.7654527,,45.61325031,,3165.238285,176.9295842,50.03262313,,80.02090863,,147.6230171,55.16709642,,1029.79089,,,,535.1689873,,1672.618729,,293.8117657,,16.20961575,,129.1763024
2022/12/20,2871.495516,,157.6113517,301.7661356,77.65826073,,,33.11744263,92.09016158,144.1776118,,103.0317189,77.11149839,107.2055974,95.85710153,,,3144.080835,73.408348,84.546199,60.898581,100.6642742,112.5870988,118.6098733,157.968437,,146.1719168,,,,296.8516651,40.76798082,741.2941364,,69.86766322,,64.44899883,51.6453482,97.95859025
2022/12/21,2640.264028,34.33319808,74.33472639,230.5912282,14.59800477,,,15.23880138,26.58931789,78.85100704,,15.40621368,42.51148872,38.29460819,30.07636364,45.74562836,,2994.091984,33.92218703,32.80171367,31.1481125,22.87488029,37.20121769,60.93438968,70.03871786,,163.369427,,,,154.0054282,13.21293779,478.6782785,,46.567477,,15.19399671,11.959964,37.90398669
2022/12/22,2913.008173,,218.7578578,,,,,11.0914605,,204.235437,,,,17.72347154,,,,3198.575093,14.73255813,12.333444,,20.33780483,15.37565967,105.0502555,18.59257722,,,,,,522.562664,,,,,,,,
2022/12/23,2921.444327,29.75156787,262.7337235,126.3034298,28.53933333,,,44.93764918,106.6760518,250.533366,,14.605436,114.4553777,99.10374754,,23.28578779,,3190.514585,63.07740722,16.7636685,,105.8492508,,108.672327,75.37457508,,,,,,469.4197855,,1294.055016,,,,,,82.67849292
2022/12/24,2406.195731,15.19061133,161.2064115,,39.28555942,,,14.85115083,,149.8521286,,67.6233915,,64.96168233,,14.16484167,,3212.312115,32.51601125,12.46155963,,78.669272,43.47458175,84.59581938,34.71885575,,,,,,,,958.9064021,,,,,,
2022/12/25,3149.591714,,,,,,,13.926934,,,,,,,,14.97974988,,,54.495221,,,77.008445,127.0196408,,78.581834,,211.745691,,,,1381.090221,,943.4027115,,,,,,
2022/12/26,3101.318795,,412.0339401,,,,,,,345.3805858,,,,189.7837782,,,,,163.942106,,,,,,,,,,,,,,,,,,,,
2022/12/27,1407.345072,,410.311346,,,,,,,344.213147,,,,233.409579,,,,,238.751365,,,,,,,,,,,,,,,,,,,,
2022/12/28,805.4962552,,288.6400494,,,,,104.8216585,,250.9991161,,,,116.5559759,,,,3212.867111,91.69417223,15.13080344,,77.01767679,79.23814413,,150.2001049,,,,,,289.14446,,,,,,,,84.139037
2022/12/29,2429.240312,147.5720873,326.1150937,,131.5799842,,,96.31176002,135.800428,297.9792427,,212.467863,,183.4747344,,,,3172.879178,179.5146835,78.1356875,,168.7173318,114.9573925,189.7317049,185.2678573,,,,,,860.2548202,91.515916,1131.129839,,,,50.331003,,152.2314231
2022/12/30,2199.64003,74.8177699,216.171359,349.5385575,124.557832,,,71.60030698,,194.5047948,,,,143.8982984,,90.8943898,,3220.284623,126.3672019,84.9220995,,184.4861068,161.9670764,195.8115181,209.4286827,,,,,,,112.9559221,894.8083285,,,,,,
2022/12/31,1977.170078,80.52245093,233.8917489,196.1898656,120.4614795,,,123.293447,,214.2463985,,126.2525025,156.9352059,157.1880322,100.9350444,106.0560191,,2973.388796,160.1226418,111.2090255,129.7461538,190.8807995,167.3497954,199.6894102,246.8932736,,293.7021891,,,,995.6517169,130.6259582,1067.748975,,,,121.3548824,106.1459438,167.3408182
2023年1月1日,"6,223 ",331 ,"1,537 ",166 ,,,,128 ,144 ,968 ,,,152 ,815 ,,,,,693 ,476 ,,,,,"1,171 ",,,,,,"2,164 ",,"2,420 ",,,,,151 ,
2023年1月2日,"3,888 ",286 ,968 ,,,,,161 ,180 ,"1,040 ",,,,756 ,,,,,713 ,337 ,,,,,826 ,,,,,,"3,535 ",,"1,530 ",,,,,,
2023年1月3日,"7,372 ",317 ,"1,075 ",388 ,685 ,,,136 ,186 ,"1,003 ",,,130 ,924 ,429 ,,,,778 ,476 ,482 ,839 ,970 ,"1,058 ",886 ,,"1,367 ",,,,"2,282 ",,"7,086 ",,,,609 ,379 ,
2023年1月4日,"4,300 ",312 ,"1,075 ",225 ,336 ,,,197 ,174 ,"1,353 ",,,209 ,876 ,,,,,843 ,572 ,,,,,368 ,,,,,,451 ,,"4,278 ",,,,196 ,265 ,
2023年1月5日,"6,032 ",518 ,"1,179 ",257 ,572 ,,,220 ,,"1,037 ",,,241 ,847 ,528 ,,,,812 ,667 ,88 ,978 ,"1,013 ",830 ,"1,044 ",,"1,308 ",,,,"3,821 ",,"5,791 ",,,,732 ,613 ,
2023年1月6日,"2,673 ",243 ,463 ,209 ,238 ,,,70 ,112 ,431 ,,311 ,170 ,356 ,215 ,,,,364 ,267 ,176 ,354 ,424 ,438 ,500 ,,620 ,,,,"1,334 ",,"1,932 ",,,,221 ,230 ,
2023年1月7日,"5,010 ",397 ,"1,093 ",361 ,304 ,,,51 ,57 ,830 ,,346 ,130 ,419 ,251 ,,,,399 ,335 ,221 ,578 ,536 ,752 ,609 ,,719 ,,,,"1,956 ",,"6,410 ",,,,218 ,198 ,
2023年1月8日,"4,121 ",398 ,"2,408 ",221 ,796 ,,,150 ,210 ,"2,276 ",,832 ,196 ,993 ,825 ,,,,"1,085 ",840 ,736 ,"1,034 ","1,053 ","1,029 ","1,229 ",,"1,629 ",,,,"5,415 ",,"7,017 ",,,,883 ,806 ,
2023年1月9日,"7,776 ",555 ,"1,310 ",111 ,243 ,767 ,841 ,85 ,115 ,"1,206 ",,379 ,93 ,486 ,188 ,780 ,,14 ,515 ,278 ,185 ,347 ,402 ,350 ,448 ,,561 ,,809 ,633 ,"1,559 ",860 ,"3,404 ",,804 ,848 ,254 ,320 ,782 
2023年1月10日,"2,984 ",,872 ,88 ,103 ,923 ,897 ,15 ,84 ,715 ,,99 ,45 ,240 ,39 ,844 ,861 ,414 ,182 ,82 ,47 ,194 ,209 ,295 ,338 ,870 ,328 ,,888 ,706 ,781 ,930 ,"1,868 ",,948 ,992 ,44 ,54 ,957 
2023年1月11日,,344 ,,,,976 ,890 ,,,,,,,,,876 ,713 ,377 ,,,,,,,,753 ,,,852 ,705 ,,932 ,,,913 ,998 ,,,946 
2023年1月12日,,,,,,,,,,,"1,575 ",,,,,,,,,,,,,,,,,,,,,,,,,,,,
2023年1月13日,,,,,,,,,,,,,,,,,,,,,,,,,,,,,,"2,157 ",,,,,,,,,
2023年1月14日,,,,,,,,,,,,,,,,,,,,,,,,,,,,,,,,,,,,,,,
2023年1月15日,,,,,,,,,,,,,,,,,,,,,,,,,,,,,,,,,,,,,,,
2023年1月16日,555 ,,,,,,,,,,,,,45 ,,,,,39 ,,,,,,,,,,,,,,,,800 ,,,,
2023年1月17日,795 ,84 ,240 ,94 ,79 ,,912 ,15 ,,183 ,254 ,47 ,,114 ,14 ,455 ,,49 ,156 ,49 ,,113 ,116 ,197 ,172 ,470 ,127 ,,652 ,669 ,303 ,363 ,374 ,,767 ,412 ,20 ,29 ,435 
2023年1月18日,755 ,50 ,36 ,187 ,52 ,393 ,525 ,17 ,,48 ,175 ,,,44 ,30 ,228 ,335 ,96 ,52 ,42 ,36 ,44 ,45 ,44 ,40 ,259 ,39 ,,337 ,553 ,95 ,393 ,260 ,,424 ,422 ,42 ,57 ,300 
2023年1月19日,844 ,67 ,40 ,64 ,51 ,418 ,544 ,12 ,,60 ,293 ,44 ,,47 ,44 ,345 ,375 ,52 ,88 ,36 ,47 ,51 ,65 ,62 ,91 ,273 ,69 ,,415 ,520 ,259 ,389 ,453 ,,323 ,490 ,51 ,45 ,339 
2023年1月20日,332 ,59 ,33 ,,,,,,,32 ,,,,26 ,,,,,30 ,,,,,,,,,,,111 ,,,,,,,,,
2023年1月21日,347 ,218 ,39 ,105 ,,,,24 ,,28 ,,,,37 ,,,,,37 ,,,,,,98 ,,,,,353 ,164 ,,,,210 ,,,,
2023年1月22日,"1,755 ",276 ,594 ,121 ,326 ,,929 ,66 ,,565 ,350 ,250 ,,477 ,291 ,571 ,385 ,236 ,523 ,293 ,218 ,514 ,371 ,304 ,586 ,466 ,486 ,,768 ,885 ,919 ,524 ,"1,170 ",,998 ,447 ,252 ,250 ,849 
2023年1月23日,"1,157 ",,362 ,,60 ,,241 ,53 ,,275 ,,,,302 ,,,,105 ,300 ,,,,,,,,,,,355 ,,,555 ,,658 ,,,,
2023年1月24日,504 ,,37 ,,,,,,,43 ,,,,39 ,,,,,44 ,,,,,,,,,,,,,,,,149 ,,,,
2023年1月25日,,,,,,,,,,,,,,,,,,,,,,,,,,,,,,,,,,,,,,,
2023年1月26日,,,157 ,,,,,,,186 ,,,,,,,,,,,,,,,,,,,,,,,,,,,,,
2023年1月27日,"1,036 ",42 ,57 ,33 ,38 ,,204 ,16 ,,61 ,,28 ,,46 ,44 ,,,46 ,56 ,40 ,,43 ,39 ,36 ,42 ,80 ,53 ,,122 ,281 ,118 ,,355 ,,250 ,143 ,44 ,20 ,87 
2023年1月28日,"2,624 ",56 ,53 ,85 ,45 ,173 ,219 ,12 ,,51 ,263 ,42 ,,55 ,41 ,102 ,157 ,54 ,120 ,40 ,38 ,53 ,56 ,50 ,55 ,102 ,417 ,,231 ,314 ,339 ,195 ,"2,685 ",,141 ,245 ,58 ,35 ,176 
2023年1月29日,"3,143 ",78 ,50 ,44 ,50 ,307 ,166 ,17 ,,52 ,261 ,47 ,,81 ,47 ,207 ,203 ,52 ,175 ,74 ,44 ,106 ,145 ,95 ,152 ,132 ,559 ,,366 ,396 ,608 ,263 ,"2,051 ",,105 ,528 ,52 ,42 ,246 
2023年1月30日,"2,877 ",232 ,67 ,330 ,117 ,413 ,331 ,24 ,,75 ,324 ,92 ,,170 ,63 ,252 ,395 ,189 ,289 ,130 ,106 ,310 ,303 ,248 ,382 ,218 ,521 ,,428 ,554 ,"1,384 ",572 ,"5,130 ",,175 ,"1,392 ",52 ,77 ,315 
2023年1月31日,,,,,,,,,,,,,,,,,,,,,,,,,,,,,,,,,,,,,,,
2023年2月1日,,,,,,,16 ,,,,,,,,,,,,,,,,,,,,,,,69 ,,,,,53 ,,,,
2023年2月2日,"21,496 ",67 ,27 ,15 ,,,,18 ,,40 ,,,,"1,435 ",,,,40 ,339 ,43 ,,,,,13 ,,,,,,,,"4,192 ",,,,18 ,39 ,
2023年2月3日,"5,477 ",100 ,240 ,175 ,,336 ,463 ,11 ,,307 ,443 ,16 ,,265 ,45 ,218 ,373 ,127 ,236 ,82 ,63 ,392 ,231 ,378 ,677 ,336 ,837 ,,551 ,"4,359 ","1,294 ",489 ,"2,042 ",,793 ,"1,477 ",45 ,61 ,518 
2023年2月4日,"5,851 ",138 ,579 ,171 ,,559 ,858 ,16 ,,557 ,833 ,129 ,,562 ,79 ,509 ,491 ,176 ,334 ,130 ,170 ,466 ,487 ,518 ,443 ,460 ,"1,887 ",,685 ,"5,059 ","1,378 ",797 ,"4,740 ",,947 ,"1,310 ",94 ,152 ,802 
2023年2月5日,"4,367 ",312 ,643 ,386 ,,608 ,735 ,30 ,,551 ,763 ,192 ,,473 ,102 ,413 ,571 ,218 ,350 ,152 ,184 ,420 ,528 ,494 ,"1,320 ",496 ,712 ,,660 ,"5,421 ","1,218 ",731 ,"2,374 ",,941 ,"1,120 ",114 ,158 ,658 
2023年2月6日,"6,241 ",294 ,"1,031 ",156 ,,818 ,"1,061 ",98 ,,865 ,927 ,715 ,,822 ,391 ,811 ,688 ,614 ,800 ,520 ,452 ,701 ,810 ,696 ,"1,040 ",777 ,"1,128 ",,988 ,"3,524 ","1,500 ",810 ,"5,179 ",,"1,330 ","1,046 ",435 ,550 ,"1,185 "
2023年2月7日,"6,102 ",341 ,919 ,162 ,,559 ,713 ,91 ,,778 ,628 ,374 ,,806 ,275 ,473 ,504 ,481 ,751 ,376 ,292 ,496 ,549 ,486 ,769 ,475 ,"1,239 ",,687 ,"5,994 ","1,202 ",583 ,"4,837 ",,"1,181 ",806 ,347 ,405 ,958 
2023年2月8日,,366 ,295 ,,,,,,,476 ,,,,224 ,,,,,225 ,104 ,,,,,134 ,,,,,"1,813 ",,,,,190 ,,,61 ,
2023年2月9日,,,,,,,,,,,,,,,,,,,,,,,,,,,,,,,,,,,,,,,
2023年2月10日,,,,,,,,,,,,,,,,,,,,,,,,,,,,,,,,,,,,,,,
2023年2月11日,"7,690 ",,474 ,,,,349 ,,,353 ,,,,,38 ,,,256 ,,88 ,,253 ,173 ,275 ,403 ,71 ,447 ,,264 ,"3,151 ","1,902 ",402 ,"1,321 ",,154 ,392 ,52 ,32 ,
2023年2月12日,,,,,,,,,,,,,,,,,,,,,,,,,,,,,,,,,,,,,,,
2023年2月13日,"3,161 ",106 ,"1,155 ",,,,387 ,21 ,,951 ,,,,562 ,,,,598 ,502 ,121 ,,232 ,,,284 ,223 ,82 ,,441 ,"1,945 ","1,527 ",,"2,617 ",,704 ,,45 ,143 ,543 
2023年2月14日,"3,262 ",151 ,493 ,73 ,,126 ,411 ,35 ,,390 ,345 ,224 ,,277 ,41 ,139 ,168 ,558 ,200 ,43 ,42 ,109 ,249 ,378 ,332 ,189 ,368 ,,317 ,"2,582 ","3,597 ",292 ,"2,650 ",,772 ,643 ,39 ,46 ,554 
2023年2月15日,"2,512 ",116 ,398 ,192 ,,342 ,374 ,23 ,,305 ,411 ,116 ,,260 ,55 ,182 ,264 ,305 ,176 ,52 ,48 ,257 ,335 ,393 ,356 ,154 ,394 ,,362 ,"5,272 ","1,262 ",353 ,"2,249 ",,559 ,841 ,50 ,63 ,467 
2023年2月16日,"2,362 ",179 ,473 ,434 ,,335 ,290 ,13 ,,355 ,447 ,146 ,,215 ,82 ,207 ,315 ,395 ,220 ,112 ,114 ,330 ,292 ,357 ,502 ,194 ,504 ,,353 ,"6,298 ","4,403 ",366 ,"3,326 ",,587 ,"1,014 ",74 ,91 ,372 
2023年2月17日,"1,927 ",227 ,524 ,336 ,,334 ,345 ,17 ,,466 ,421 ,104 ,,209 ,72 ,266 ,274 ,458 ,218 ,109 ,115 ,441 ,355 ,366 ,469 ,211 ,427 ,,311 ,"5,459 ","1,175 ",426 ,"2,492 ",,428 ,791 ,70 ,76 ,301 
2023年2月18日,"3,662 ",269 ,615 ,183 ,,541 ,541 ,71 ,,516 ,579 ,459 ,,509 ,280 ,406 ,353 ,559 ,477 ,332 ,300 ,438 ,409 ,426 ,632 ,388 ,862 ,,637 ,"2,477 ","3,037 ",481 ,"3,197 ",,"1,031 ","1,059 ",334 ,295 ,640 
2023年2月19日,"3,504 ",146 ,132 ,263 ,,212 ,186 ,12 ,,182 ,258 ,222 ,,156 ,59 ,66 ,85 ,66 ,135 ,73 ,49 ,111 ,173 ,144 ,361 ,127 ,403 ,,276 ,"2,670 ","2,269 ",170 ,"2,648 ",,982 ,581 ,63 ,48 ,231 
2023年2月20日,"5,337 ",224 ,"1,066 ",83 ,,456 ,528 ,24 ,,910 ,497 ,459 ,,626 ,178 ,335 ,282 ,194 ,820 ,280 ,184 ,464 ,613 ,360 ,375 ,249 ,496 ,,508 ,"3,554 ","2,063 ",343 ,"3,919 ",,"1,316 ",556 ,257 ,320 ,786 
2023年2月21日,"2,787 ",67 ,346 ,88 ,,163 ,174 ,12 ,,358 ,231 ,53 ,,185 ,42 ,60 ,82 ,74 ,112 ,48 ,40 ,286 ,200 ,218 ,234 ,51 ,152 ,,125 ,"5,351 ","6,035 ",141 ,"1,677 ",,288 ,322 ,52 ,43 ,204 
2023年2月22日,"1,844 ",,317 ,426 ,,104 ,51 ,20 ,,225 ,242 ,37 ,,51 ,36 ,54 ,101 ,176 ,53 ,35 ,44 ,131 ,135 ,179 ,427 ,45 ,274 ,,82 ,"3,792 ",580 ,155 ,"1,410 ",,104 ,513 ,61 ,37 ,51 
2023年2月23日,"3,459 ",161 ,491 ,629 ,,354 ,313 ,13 ,,390 ,470 ,162 ,,214 ,102 ,283 ,325 ,469 ,213 ,123 ,134 ,321 ,306 ,444 ,586 ,249 ,789 ,,395 ,"5,001 ","2,976 ",389 ,"1,690 ",,440 ,932 ,93 ,91 ,443 
2023年2月24日,"4,000 ",177 ,"2,457 ",179 ,,543 ,557 ,36 ,,"2,231 ",646 ,316 ,,471 ,216 ,437 ,364 ,632 ,485 ,290 ,268 ,417 ,472 ,580 ,604 ,339 ,692 ,,551 ,"2,800 ","1,146 ",496 ,"3,991 ",,884 ,780 ,207 ,208 ,640 
2023年2月25日,"2,350 ",207 ,"1,143 ",135 ,,402 ,401 ,33 ,,954 ,508 ,229 ,,458 ,147 ,339 ,325 ,441 ,423 ,226 ,182 ,317 ,336 ,407 ,508 ,278 ,535 ,,437 ,"2,808 ","3,668 ",422 ,"1,539 ",,563 ,635 ,144 ,181 ,562 
2023年2月26日,"1,744 ",122 ,421 ,233 ,,316 ,279 ,13 ,,376 ,416 ,100 ,,215 ,47 ,201 ,279 ,355 ,173 ,70 ,89 ,349 ,311 ,475 ,491 ,168 ,470 ,,290 ,"2,259 ","3,024 ",420 ,"3,106 ",,381 ,732 ,60 ,51 ,258 
2023年2月27日,"1,765 ",195 ,342 ,240 ,,267 ,227 ,15 ,,347 ,370 ,76 ,,128 ,49 ,146 ,254 ,252 ,160 ,79 ,102 ,302 ,236 ,386 ,401 ,139 ,365 ,,238 ,"4,475 ","1,448 ",338 ,"2,576 ",,300 ,678 ,52 ,52 ,205 
2023年2月28日,,,,185 ,,,,61 ,,,,,,,,,,,,,,,,,,,,,,,,,,,,,,,
2023年3月1日,"2,329 ",224 ,762 ,120 ,,432 ,483 ,45 ,,679 ,593 ,364 ,,452 ,206 ,364 ,357 ,292 ,468 ,311 ,253 ,533 ,485 ,470 ,633 ,315 ,510 ,,628 ,"3,460 ","1,311 ",430 ,"2,853 ",,758 ,771 ,233 ,297 ,530 
2023年3月2日,"2,699 ",248 ,632 ,217 ,,346 ,326 ,25 ,,555 ,474 ,212 ,,310 ,96 ,239 ,304 ,167 ,298 ,142 ,174 ,345 ,315 ,615 ,886 ,191 ,613 ,,387 ,"3,750 ","3,662 ",443 ,"2,395 ",,605 ,716 ,117 ,133 ,396 
2023年3月3日,"2,549 ",275 ,469 ,451 ,,374 ,385 ,33 ,,451 ,470 ,539 ,,408 ,307 ,237 ,388 ,142 ,433 ,328 ,302 ,487 ,506 ,426 ,681 ,370 ,651 ,,539 ,"1,632 ","2,105 ",453 ,"2,204 ",,"1,361 ","1,044 ",134 ,158 ,612 
2023年3月4日,"3,694 ",403 ,"1,252 ",204 ,,470 ,602 ,81 ,,"1,188 ",351 ,517 ,,"1,382 ",226 ,302 ,242 ,84 ,914 ,299 ,263 ,905 ,358 ,788 ,705 ,251 ,821 ,,742 ,"2,745 ","3,477 ",538 ,"3,543 ",,"2,353 ",778 ,307 ,348 ,"1,462 "
2023年3月5日,"4,047 ",395 ,906 ,567 ,,569 ,577 ,54 ,,910 ,453 ,714 ,,611 ,304 ,390 ,510 ,145 ,548 ,327 ,360 ,693 ,,"1,054 ",658 ,345 ,"1,028 ",,627 ,"3,155 ","2,435 ",708 ,"3,904 ",,"1,649 ","1,639 ",335 ,341 ,657 
2023年3月6日,"2,871 ",376 ,"1,298 ",397 ,,602 ,723 ,68 ,,"1,284 ",597 ,496 ,,609 ,352 ,478 ,545 ,277 ,553 ,431 ,459 ,701 ,,"1,123 ","1,600 ",451 ,848 ,,594 ,"2,660 ","2,285 ",723 ,"3,468 ",,"1,997 ","1,182 ",398 ,394 ,847 
2023年3月7日,"3,952 ",464 ,"1,582 ",,,689 ,969 ,,,"1,438 ",764 ,564 ,,704 ,452 ,606 ,663 ,382 ,716 ,615 ,611 ,847 ,,"1,216 ","2,213 ",565 ,"1,439 ",,737 ,"2,772 ","1,922 ",866 ,"3,632 ",,"1,811 ","2,156 ",587 ,529 ,888 
2023年3月8日,"4,745 ",551 ,"1,104 ",213 ,,644 ,818 ,78 ,,"1,025 ",608 ,"1,059 ",,673 ,457 ,449 ,453 ,248 ,740 ,541 ,435 ,754 ,,722 ,"1,498 ",491 ,"1,189 ",,779 ,"1,986 ","2,322 ",680 ,"2,531 ",,"2,332 ","1,513 ",483 ,457 ,752 
2023年3月9日,"3,938 ",518 ,676 ,334 ,,408 ,463 ,54 ,,635 ,414 ,517 ,,449 ,246 ,310 ,382 ,138 ,534 ,368 ,331 ,557 ,,530 ,"1,236 ",276 ,"1,119 ",,547 ,"1,739 ","1,895 ",502 ,"3,047 ",,"1,664 ","1,332 ",279 ,281 ,522 
2023年3月10日,"3,771 ",478 ,904 ,480 ,,449 ,557 ,48 ,,897 ,480 ,836 ,,518 ,369 ,344 ,502 ,186 ,569 ,442 ,510 ,738 ,,817 ,"2,105 ",400 ,"1,652 ",,626 ,"2,694 ","1,931 ",652 ,"3,616 ",,"1,454 ","1,672 ",319 ,341 ,514 
2023年3月11日,"3,285 ",336 ,"1,502 ",128 ,,322 ,344 ,25 ,,"1,297 ",387 ,306 ,,496 ,149 ,184 ,229 ,90 ,586 ,212 ,164 ,311 ,,352 ,"1,235 ",246 ,562 ,,376 ,"2,362 ","1,162 ",263 ,"1,799 ",,"1,199 ",653 ,159 ,239 ,510 
2023年3月12日,"2,311 ",190 ,547 ,97 ,,205 ,194 ,24 ,,574 ,259 ,231 ,,288 ,74 ,121 ,138 ,65 ,296 ,170 ,88 ,314 ,,324 ,450 ,99 ,311 ,,258 ,"1,092 ",855 ,221 ,"2,870 ",,614 ,707 ,70 ,86 ,279 
2023年3月13日,"3,319 ",399 ,460 ,323 ,,243 ,237 ,14 ,,489 ,346 ,166 ,,197 ,73 ,147 ,383 ,80 ,280 ,166 ,126 ,314 ,,525 ,442 ,110 ,887 ,,295 ,"1,915 ","1,242 ",274 ,"2,372 ",,745 ,602 ,108 ,94 ,231 
2023年3月14日,"2,762 ",457 ,642 ,345 ,,313 ,405 ,31 ,,608 ,379 ,259 ,,715 ,157 ,244 ,337 ,130 ,726 ,289 ,214 ,490 ,,423 ,617 ,179 ,880 ,,315 ,"2,391 ","1,821 ",401 ,"2,534 ",,"1,263 ",746 ,229 ,293 ,699 
2023年3月15日,"2,791 ",291 ,932 ,70 ,,235 ,314 ,17 ,,815 ,269 ,164 ,,"1,072 ",90 ,166 ,116 ,84 ,"1,201 ",147 ,113 ,253 ,,208 ,342 ,121 ,258 ,,164 ,830 ,"3,329 ",169 ,"2,504 ",,"1,354 ",331 ,107 ,131 ,541 
2023年3月16日,,177 ,268 ,,,,,,,,,,,,,,,,"2,981 ",,,,,,,,,,,,,,974 ,,,,,,
2023年3月17日,"1,829 ",,421 ,167 ,,263 ,339 ,13 ,,371 ,414 ,159 ,,393 ,107 ,159 ,254 ,205 ,234 ,152 ,122 ,361 ,,562 ,771 ,228 ,830 ,,427 ,"1,207 ","6,945 ",300 ,"2,966 ",,988 ,"1,596 ",191 ,179 ,440 
2023年3月18日,"1,628 ",171 ,687 ,209 ,,366 ,450 ,16 ,,621 ,483 ,197 ,,375 ,214 ,284 ,354 ,272 ,347 ,313 ,254 ,491 ,,660 ,879 ,299 ,550 ,,370 ,"1,185 ","1,170 ",453 ,"2,828 ",,508 ,966 ,241 ,220 ,438 
2023年3月19日,"1,294 ",307 ,412 ,334 ,,328 ,274 ,21 ,,384 ,461 ,168 ,,245 ,133 ,206 ,352 ,234 ,263 ,206 ,206 ,530 ,,556 ,914 ,238 ,597 ,,299 ,"1,136 ","2,703 ",490 ,"1,962 ",,471 ,"1,106 ",181 ,132 ,279 
2023年3月20日,"1,809 ",439 ,547 ,313 ,,407 ,381 ,44 ,,505 ,492 ,276 ,,362 ,240 ,268 ,375 ,335 ,349 ,300 ,292 ,619 ,,505 ,788 ,309 ,751 ,,389 ,"2,416 ","3,912 ",494 ,"2,289 ",,646 ,"1,192 ",272 ,229 ,478 
2023年3月21日,"2,223 ",488 ,765 ,286 ,,519 ,488 ,82 ,,691 ,595 ,363 ,,429 ,348 ,443 ,476 ,412 ,432 ,368 ,414 ,776 ,,789 ,878 ,377 ,901 ,,580 ,"2,453 ","1,351 ",613 ,"2,864 ",,818 ,"1,242 ",409 ,338 ,550 
2023年3月22日,"2,892 ",596 ,"2,198 ",168 ,,531 ,561 ,83 ,,"1,799 ",597 ,465 ,,711 ,339 ,397 ,425 ,385 ,750 ,455 ,392 ,597 ,,613 ,859 ,433 ,706 ,,543 ,"1,230 ","1,841 ",547 ,"3,106 ",,"1,196 ",818 ,423 ,486 ,843 
2023年3月23日,"4,199 ",325 ,"1,598 ",72 ,,276 ,200 ,17 ,,"1,374 ",347 ,196 ,,633 ,87 ,182 ,149 ,77 ,674 ,162 ,108 ,221 ,,233 ,397 ,174 ,448 ,,231 ,870 ,"2,075 ",171 ,"3,122 ",,"1,202 ",323 ,93 ,319 ,702 
2023年3月24日,"5,148 ",234 ,632 ,104 ,,273 ,298 ,19 ,,543 ,337 ,327 ,,482 ,135 ,196 ,220 ,96 ,497 ,190 ,189 ,464 ,,366 ,724 ,163 ,"1,044 ",,350 ,"1,864 ","1,601 ",269 ,"2,821 ",,"1,182 ",698 ,153 ,192 ,512 
2023年3月25日,"2,304 ",268 ,491 ,295 ,,233 ,156 ,12 ,,420 ,362 ,86 ,,176 ,68 ,141 ,339 ,82 ,190 ,111 ,142 ,516 ,,421 ,507 ,134 ,741 ,,296 ,"2,785 ","3,459 ",303 ,"2,246 ",,657 ,746 ,72 ,88 ,206 
2023年3月26日,"1,752 ",331 ,696 ,196 ,,352 ,399 ,45 ,,604 ,424 ,204 ,,373 ,180 ,313 ,338 ,154 ,368 ,266 ,251 ,469 ,,445 ,655 ,242 ,476 ,,381 ,"2,399 ","4,300 ",399 ,"2,232 ",,614 ,808 ,255 ,239 ,455 
2023年3月27日,"1,665 ",346 ,759 ,219 ,,358 ,384 ,30 ,,665 ,437 ,228 ,,284 ,188 ,299 ,380 ,184 ,314 ,276 ,298 ,666 ,,569 ,862 ,268 ,569 ,,359 ,"2,017 ","1,885 ",416 ,"1,642 ",,819 ,978 ,231 ,212 ,320 
2023年3月28日,"3,343 ",358 ,561 ,244 ,,286 ,275 ,30 ,,532 ,374 ,150 ,,219 ,143 ,213 ,346 ,114 ,254 ,227 ,294 ,617 ,,502 ,819 ,188 ,"1,080 ",,275 ,"1,398 ",826 ,536 ,"1,915 ",,440 ,895 ,194 ,179 ,246 
2023年3月29日,"4,147 ",407 ,782 ,176 ,,287 ,319 ,29 ,,674 ,345 ,152 ,,244 ,128 ,209 ,357 ,95 ,270 ,209 ,273 ,836 ,,621 ,946 ,180 ,"1,118 ",,296 ,"2,199 ","2,085 ",569 ,"2,079 ",,624 ,"1,050 ",177 ,146 ,257 
2023年3月30日,"3,283 ",363 ,815 ,162 ,,331 ,396 ,38 ,,736 ,385 ,162 ,,250 ,194 ,247 ,282 ,128 ,287 ,279 ,266 ,887 ,,602 ,783 ,235 ,678 ,,369 ,"1,481 ","1,649 ",496 ,"2,216 ",,723 ,"1,112 ",217 ,200 ,267 
2023年3月31日,,,,,,,,,,,,,,,,,,,,,,,,,,,,,,,,,,,,,,,
2023年4月1日,"2,198 ",414 ,733 ,198 ,,385 ,429 ,40 ,,663 ,437 ,259 ,,340 ,232 ,325 ,380 ,207 ,366 ,313 ,310 ,729 ,,588 ,731 ,314 ,583 ,,328 ,"1,492 ","1,002 ",495 ,"1,539 ",,485 ,954 ,281 ,232 ,353 
2023年4月2日,"1,610 ",385 ,"1,025 ",156 ,,457 ,478 ,36 ,,890 ,458 ,325 ,,524 ,274 ,383 ,358 ,265 ,565 ,368 ,345 ,593 ,,535 ,710 ,368 ,449 ,,405 ,"1,707 ","1,516 ",451 ,"1,272 ",,741 ,707 ,344 ,319 ,588 
2023年4月3日,"1,897 ",267 ,"1,599 ",95 ,,412 ,215 ,30 ,,"1,291 ",366 ,180 ,,578 ,160 ,221 ,216 ,201 ,514 ,186 ,195 ,331 ,,295 ,426 ,256 ,366 ,,271 ,830 ,689 ,245 ,"1,588 ",,706 ,479 ,120 ,197 ,604 
2023年4月4日,"1,403 ",219 ,"1,302 ",71 ,,353 ,241 ,16 ,,"1,044 ",309 ,170 ,,544 ,126 ,160 ,212 ,199 ,484 ,173 ,143 ,266 ,,223 ,438 ,211 ,344 ,,288 ,492 ,545 ,218 ,"2,228 ",,"1,274 ",421 ,107 ,164 ,472 
2023年4月5日,"1,487 ",272 ,642 ,175 ,,388 ,336 ,37 ,,560 ,492 ,249 ,,410 ,230 ,313 ,382 ,254 ,408 ,305 ,310 ,429 ,,596 ,688 ,292 ,603 ,,374 ,"1,687 ","2,064 ",389 ,"1,105 ",,553 ,848 ,284 ,262 ,477 
2023年4月6日,"2,988 ",230 ,462 ,126 ,,238 ,235 ,22 ,,413 ,301 ,148 ,,213 ,118 ,143 ,183 ,94 ,272 ,170 ,145 ,356 ,,323 ,482 ,134 ,706 ,,218 ,"1,536 ","1,316 ",197 ,"1,570 ",,717 ,562 ,128 ,109 ,247 
2023年4月7日,"3,186 ",306 ,825 ,168 ,,454 ,548 ,30 ,,756 ,465 ,327 ,,499 ,277 ,412 ,354 ,228 ,574 ,372 ,353 ,616 ,,583 ,"1,206 ",324 ,853 ,,439 ,"1,713 ","2,622 ",453 ,"2,355 ",,885 ,937 ,397 ,361 ,666 
2023年4月8日,"2,965 ",293 ,527 ,444 ,,339 ,306 ,26 ,,496 ,380 ,223 ,,332 ,180 ,233 ,351 ,125 ,374 ,259 ,233 ,434 ,,468 ,"2,066 ",221 ,953 ,,449 ,"2,656 ","1,862 ",411 ,"2,138 ",,795 ,834 ,362 ,229 ,391 
2023年4月9日,"3,340 ",320 ,536 ,487 ,,312 ,294 ,21 ,,524 ,374 ,221 ,,294 ,161 ,214 ,335 ,107 ,350 ,235 ,236 ,400 ,,446 ,"1,379 ",219 ,975 ,,436 ,"1,505 ","1,720 ",399 ,"2,268 ",,853 ,920 ,,200 ,358 
2023年4月10日,,408 ,707 ,549 ,,403 ,423 ,41 ,,652 ,462 ,311 ,,403 ,280 ,280 ,458 ,177 ,399 ,343 ,377 ,560 ,,596 ,"1,344 ",314 ,"1,249 ",,479 ,"1,981 ","1,600 ",550 ,"1,829 ",,865 ,"1,058 ",,270 ,432 
2023年4月11日,,431 ,987 ,197 ,,415 ,584 ,86 ,,901 ,484 ,513 ,,479 ,354 ,325 ,373 ,174 ,499 ,398 ,349 ,674 ,,647 ,957 ,352 ,909 ,,643 ,"2,063 ","1,979 ",513 ,"1,976 ",,"1,046 ","1,339 ",,272 ,679 
2023年4月12日,,416 ,704 ,201 ,,368 ,422 ,33 ,,640 ,376 ,532 ,,421 ,203 ,273 ,338 ,146 ,400 ,311 ,290 ,697 ,,524 ,980 ,245 ,746 ,,440 ,"1,811 ","1,495 ",460 ,"1,962 ",,570 ,783 ,,263 ,620 
2023年4月13日,,500 ,758 ,207 ,,498 ,502 ,70 ,,666 ,552 ,,,599 ,340 ,399 ,485 ,332 ,603 ,403 ,419 ,651 ,,602 ,"1,189 ",401 ,834 ,,519 ,"2,615 ","1,946 ",558 ,"1,634 ",,716 ,"1,023 ",,374 ,734 
2023年4月14日,,485 ,"1,063 ",202 ,,562 ,661 ,99 ,,955 ,639 ,,,663 ,427 ,454 ,542 ,398 ,613 ,519 ,552 ,718 ,,757 ,"1,024 ",496 ,"1,175 ",,869 ,"2,082 ","2,578 ",644 ,"2,209 ",,"1,407 ","1,331 ",,468 ,831 
2023年4月15日,,434 ,645 ,158 ,,378 ,477 ,82 ,,568 ,419 ,,,612 ,265 ,339 ,303 ,176 ,659 ,359 ,310 ,449 ,,487 ,625 ,314 ,849 ,,634 ,"1,627 ","1,562 ",385 ,"1,617 ",,"1,147 ","1,060 ",,313 ,777 
2023年4月16日,,407 ,728 ,149 ,,355 ,402 ,45 ,,637 ,341 ,,,768 ,197 ,283 ,240 ,142 ,806 ,340 ,227 ,622 ,,458 ,707 ,218 ,796 ,,480 ,"1,783 ","1,989 ",380 ,"2,274 ",,"1,185 ",698 ,,323 ,"1,256 "
2023年4月17日,,567 ,757 ,253 ,,527 ,589 ,94 ,,663 ,539 ,,,726 ,350 ,419 ,436 ,290 ,741 ,472 ,440 ,673 ,,597 ,"1,671 ",412 ,"1,080 ",,674 ,"1,819 ","2,376 ",529 ,"3,056 ",,"1,282 ","1,345 ",,458 ,"1,054 "
2023年4月18日,,575 ,"1,054 ",172 ,,643 ,692 ,124 ,,922 ,614 ,,,"1,026 ",457 ,579 ,486 ,384 ,"1,085 ",583 ,572 ,681 ,,612 ,"1,346 ",504 ,816 ,,628 ,"1,451 ","1,338 ",585 ,"2,961 ",,"1,111 ",800 ,,640 ,"1,227 "
2023年4月19日,,504 ,826 ,200 ,,597 ,613 ,105 ,,730 ,563 ,,,957 ,418 ,501 ,531 ,349 ,993 ,540 ,553 ,933 ,,679 ,"1,300 ",460 ,747 ,,537 ,"1,659 ","1,521 ",592 ,"2,063 ",,849 ,846 ,,520 ,"1,041 "
2023年4月20日,,562 ,927 ,215 ,,505 ,440 ,90 ,,810 ,504 ,,,638 ,357 ,381 ,435 ,300 ,628 ,442 ,460 ,604 ,,542 ,"1,130 ",416 ,683 ,,463 ,"1,204 ","1,571 ",507 ,"1,830 ",,"1,081 ",766 ,,430 ,626 
2023年4月21日,,217 ,622 ,47 ,,175 ,63 ,12 ,,519 ,197 ,,,458 ,52 ,63 ,72 ,49 ,411 ,68 ,54 ,100 ,,86 ,206 ,125 ,173 ,,87 ,502 ,"1,170 ",69 ,"1,257 ",,918 ,206 ,,40 ,376 
2023年4月22日,,127 ,339 ,,,,,,,307 ,,,,205 ,,,,,159 ,,,,,,,,,,,,,,,,296 ,,,,
2023年4月23日,,,,,,,,,,,,,,,,,,,,,,,,,,,,,,,,,,,325 ,,,,
2023年4月24日,,246 ,570 ,,,310 ,182 ,25 ,,576 ,324 ,,,533 ,142 ,175 ,198 ,211 ,517 ,172 ,129 ,274 ,,236 ,407 ,269 ,638 ,,272 ,657 ,"2,918 ",256 ,"1,832 ",,"1,108 ",343 ,,,596 
2023年4月25日,,384 ,601 ,,,478 ,571 ,63 ,,515 ,563 ,,,499 ,479 ,395 ,516 ,374 ,493 ,479 ,497 ,737 ,,546 ,"1,063 ",439 ,"1,045 ",,579 ,"1,277 ","1,353 ",636 ,"2,901 ",,980 ,"2,223 ",,,553 
2023年4月26日,,371 ,683 ,,,452 ,491 ,55 ,,612 ,474 ,,,432 ,,350 ,467 ,,414 ,427 ,469 ,787 ,,583 ,"1,820 ",334 ,848 ,,452 ,"1,473 ","1,983 ",664 ,"2,954 ",,821 ,"1,034 ",,,501 
2023年4月27日,,346 ,448 ,,,336 ,268 ,26 ,,408 ,362 ,,,231 ,,217 ,372 ,,255 ,268 ,346 ,709 ,,407 ,"1,243 ",202 ,729 ,,258 ,"2,320 ","1,362 ",559 ,"2,171 ",,440 ,716 ,,,252 
2023年4月28日,,357 ,471 ,,,334 ,348 ,59 ,,417 ,363 ,,,403 ,,237 ,345 ,,482 ,278 ,289 ,568 ,,358 ,924 ,276 ,915 ,,361 ,"2,465 ","1,272 ",406 ,"2,035 ",,803 ,899 ,,,390 
2023年4月29日,,305 ,531 ,,,293 ,355 ,42 ,,454 ,346 ,,,368 ,,192 ,273 ,,429 ,291 ,181 ,455 ,,388 ,505 ,237 ,"1,024 ",,513 ,"1,681 ","1,662 ",370 ,"2,542 ",,"1,330 ","1,130 ",,,302 
2023年4月30日,,,,,,,,,,,,,,,,,,,,,,,,,,,,,,,,,,,,,,,
2023年5月1日,,476 ,591 ,,,410 ,400 ,,,514 ,352 ,,,471 ,,258 ,272 ,,402 ,356 ,284 ,437 ,,431 ,603 ,257 ,594 ,,401 ,"2,217 ","1,310 ",402 ,"1,387 ",,771 ,484 ,,,750 
2023年5月2日,,443 ,554 ,,,394 ,345 ,,,483 ,378 ,,,284 ,,258 ,290 ,,319 ,324 ,312 ,421 ,,427 ,626 ,268 ,434 ,,298 ,"1,255 ",748 ,380 ,989 ,,432 ,486 ,,,309 
2023年5月3日,,572 ,879 ,,,624 ,589 ,,,771 ,619 ,,,566 ,,542 ,524 ,,571 ,560 ,532 ,686 ,,640 ,"1,013 ",523 ,706 ,,559 ,"1,411 ","1,775 ",596 ,"1,400 ",,"1,037 ",765 ,,,627 
2023年5月4日,,578 ,940 ,,,721 ,652 ,,,804 ,667 ,,,948 ,,582 ,608 ,,842 ,644 ,649 ,750 ,,705 ,984 ,600 ,784 ,,678 ,"1,041 ","1,512 ",669 ,"1,861 ",,"2,076 ",799 ,,,"1,160 "
2023年5月5日,,444 ,"1,229 ",,,616 ,532 ,,,"1,093 ",570 ,,,875 ,,475 ,481 ,,822 ,552 ,559 ,609 ,,568 ,995 ,505 ,655 ,,553 ,935 ,"1,681 ",546 ,"3,231 ",,"1,801 ",680 ,,,"1,048 "
2023年5月6日,,261 ,777 ,,,321 ,254 ,,,694 ,317 ,,,647 ,,204 ,205 ,,623 ,248 ,215 ,303 ,,249 ,482 ,239 ,403 ,,243 ,683 ,"1,265 ",216 ,"1,957 ",,"1,614 ",420 ,,,641 
2023年5月7日,,303 ,696 ,,,390 ,631 ,,,637 ,330 ,,,813 ,,312 ,229 ,,786 ,332 ,272 ,455 ,,447 ,789 ,257 ,"1,018 ",,406 ,"1,749 ","2,106 ",331 ,"2,824 ",,"1,835 ",859 ,,,"1,275 "
2023年5月8日,,369 ,835 ,,,411 ,587 ,,,746 ,394 ,,,554 ,,363 ,342 ,,505 ,403 ,362 ,740 ,,597 ,"1,032 ",280 ,"1,162 ",,787 ,"2,200 ","2,434 ",543 ,"2,898 ",,"1,846 ","1,171 ",,,930 
2023年5月9日,,388 ,805 ,,,353 ,523 ,,,735 ,345 ,,,452 ,,297 ,335 ,,427 ,353 ,286 ,731 ,,558 ,919 ,230 ,835 ,,623 ,"1,979 ","3,004 ",478 ,"3,432 ",,"1,475 ","1,060 ",,,686 
2023年5月10日,,343 ,577 ,,,417 ,581 ,,,486 ,437 ,,,413 ,,310 ,339 ,,407 ,363 ,292 ,533 ,,467 ,862 ,335 ,910 ,,530 ,"1,703 ","2,848 ",405 ,"2,134 ",,"1,278 ","1,482 ",,,551 
2023年5月11日,,357 ,595 ,,,414 ,441 ,,,502 ,411 ,,,336 ,,275 ,464 ,,365 ,373 ,348 ,654 ,,525 ,775 ,321 ,814 ,,452 ,"1,688 ","1,516 ",525 ,"1,516 ",,790 ,"1,424 ",,,403 
2023年5月12日,,398 ,521 ,,,389 ,379 ,,,450 ,421 ,,,284 ,,283 ,498 ,,321 ,356 ,359 ,546 ,,445 ,906 ,317 ,"1,122 ",,484 ,"4,125 ","2,066 ",522 ,"2,077 ",,"1,046 ","1,175 ",,,334 
2023年5月13日,,501 ,879 ,,,505 ,561 ,,,791 ,468 ,,,523 ,,431 ,443 ,,549 ,545 ,471 ,770 ,,609 ,962 ,412 ,,,594 ,"3,240 ","1,609 ",575 ,"1,887 ",,"1,209 ","1,049 ",,,633 
2023年5月14日,,524 ,826 ,,,511 ,559 ,,,725 ,508 ,,,418 ,,432 ,601 ,,460 ,552 ,570 ,748 ,,702 ,"1,242 ",460 ,,,686 ,"2,995 ","2,082 ",699 ,"2,191 ",,"1,260 ","1,316 ",,,479 
2023年5月15日,,539 ,877 ,,,555 ,632 ,,,784 ,575 ,,,438 ,,424 ,679 ,,483 ,611 ,620 ,787 ,,782 ,"2,627 ",500 ,,,829 ,"3,022 ","1,948 ",786 ,"2,412 ",,"1,242 ","1,334 ",,,512 
2023年5月16日,,482 ,660 ,,,539 ,523 ,,,619 ,509 ,,,396 ,,375 ,580 ,,429 ,538 ,591 ,767 ,,754 ,"2,242 ",442 ,,,585 ,"1,982 ","1,375 ",733 ,"2,022 ",,750 ,937 ,,,437 
2023年5月17日,,446 ,719 ,,,480 ,577 ,,,653 ,436 ,,,570 ,,374 ,446 ,,621 ,493 ,472 ,718 ,,687 ,"2,023 ",400 ,,,676 ,"2,074 ","1,913 ",574 ,"2,154 ",,"1,062 ",917 ,,,686 
2023年5月18日,,478 ,"1,249 ",,,539 ,631 ,,,"1,127 ",513 ,,,766 ,,469 ,478 ,,766 ,581 ,556 ,755 ,,688 ,"1,092 ",443 ,,,594 ,"1,941 ","1,920 ",571 ,"1,843 ",,"1,323 ",738 ,,,899 
2023年5月19日,,480 ,745 ,,,548 ,560 ,,,664 ,540 ,,,441 ,,414 ,587 ,,465 ,544 ,585 ,828 ,,692 ,"1,011 ",462 ,,,556 ,"2,812 ","1,422 ",654 ,"2,005 ",,733 ,955 ,,,479 
2023年5月20日,,527 ,942 ,,,497 ,458 ,,,841 ,471 ,,,524 ,,392 ,452 ,,593 ,498 ,524 ,612 ,,539 ,789 ,426 ,,,474 ,"1,890 ","1,807 ",530 ,"1,963 ",,"1,008 ",687 ,,,614 
2023年5月21日,,315 ,433 ,,,366 ,298 ,,,358 ,341 ,,,487 ,,192 ,251 ,,489 ,232 ,205 ,333 ,,293 ,606 ,273 ,,,279 ,"1,256 ","1,621 ",244 ,"1,019 ",,735 ,833 ,,,526 
2023年5月22日,,357 ,710 ,,,427 ,434 ,,,611 ,428 ,,,427 ,,305 ,472 ,,453 ,395 ,424 ,711 ,,565 ,"1,443 ",311 ,,,669 ,"1,083 ","2,199 ",588 ,"1,593 ",,"1,237 ","1,105 ",,,574 
2023年5月23日,,407 ,783 ,,,437 ,462 ,,,723 ,471 ,,,355 ,,309 ,664 ,,366 ,382 ,497 ,828 ,,762 ,"1,605 ",342 ,,,827 ,"3,467 ","2,649 ",830 ,"2,475 ",,"1,028 ","1,223 ",,,437 
2023年5月24日,,349 ,526 ,,,368 ,302 ,,,482 ,342 ,,,215 ,,212 ,452 ,,246 ,284 ,312 ,746 ,,539 ,"1,136 ",254 ,,,487 ,"2,751 ","1,577 ",576 ,"1,771 ",,644 ,774 ,,,253 
2023年5月25日,,385 ,702 ,,,547 ,484 ,,,618 ,601 ,,,412 ,,365 ,626 ,,428 ,412 ,494 ,768 ,,686 ,"1,045 ",473 ,,,701 ,"2,881 ","1,582 ",674 ,"2,700 ",,987 ,"1,451 ",,,578 
2023年5月26日,,514 ,"1,336 ",,,680 ,641 ,,,"1,234 ",638 ,,,805 ,,564 ,617 ,,696 ,604 ,611 ,893 ,,747 ,"1,126 ",600 ,,,891 ,"1,659 ","2,460 ",734 ,"2,375 ",,"1,993 ","1,179 ",,,"1,361 "
2023年5月27日,,593 ,"1,814 ",,,645 ,557 ,,,"1,596 ",551 ,,,"1,012 ",,529 ,490 ,,830 ,504 ,500 ,652 ,,591 ,960 ,520 ,,,669 ,917 ,"1,691 ",533 ,"1,493 ",,"2,229 ",673 ,,,"1,351 "
2023年5月28日,,448 ,"1,000 ",,,657 ,578 ,,,853 ,595 ,,,"1,241 ",,468 ,519 ,,854 ,546 ,550 ,662 ,,609 ,964 ,531 ,,,630 ,823 ,"1,099 ",577 ,"1,408 ",,"1,814 ",688 ,,,"1,369 "
2023年5月29日,,478 ,707 ,,,546 ,438 ,,,589 ,463 ,,,734 ,,382 ,397 ,,663 ,450 ,440 ,533 ,,472 ,759 ,459 ,,,497 ,738 ,846 ,456 ,"1,586 ",,786 ,583 ,,,"1,003 "
2023年5月30日,,522 ,"1,103 ",,,745 ,737 ,,,980 ,663 ,,,847 ,,584 ,617 ,,805 ,659 ,700 ,798 ,,759 ,"1,298 ",649 ,,,714 ,"1,082 ","1,227 ",695 ,"2,092 ",,981 ,"1,032 ",,,"1,163 "
2023年5月31日,,,,,,,,,,,,,,,,,,,,,,,,,,,,,,,,,,,,,,,
2023年6月1日,,614 ,691 ,,,545 ,653 ,,,620 ,478 ,,,483 ,,466 ,500 ,,,619 ,561 ,759 ,,632 ,"1,604 ",531 ,,,754 ,"1,602 ","1,305 ",672 ,"1,517 ",,"1,032 ","1,273 ",,,587 
2023年6月2日,,436 ,635 ,,,489 ,574 ,,,581 ,449 ,,,528 ,,385 ,396 ,,,524 ,412 ,661 ,,490 ,"2,144 ",455 ,,,753 ,"1,473 ","1,389 ",488 ,"2,019 ",,"1,148 ","1,228 ",,,756 
2023年6月3日,,443 ,570 ,,,512 ,582 ,,,479 ,544 ,,,420 ,,360 ,488 ,,,487 ,459 ,638 ,,532 ,"1,137 ",494 ,,,719 ,971 ,"1,054 ",518 ,"1,757 ",,748 ,"1,585 ",,,556 
2023年6月4日,,323 ,509 ,,,411 ,387 ,,,396 ,465 ,,,306 ,,250 ,448 ,,,359 ,342 ,504 ,,498 ,720 ,386 ,,,505 ,"1,350 ","1,265 ",446 ,"1,883 ",,646 ,"1,737 ",,,387 
2023年6月5日,,397 ,758 ,,,515 ,561 ,,,626 ,644 ,,,444 ,,423 ,620 ,,,509 ,606 ,742 ,,690 ,"1,192 ",528 ,,,662 ,"1,537 ","1,788 ",630 ,"1,590 ",,984 ,"1,753 ",,,553 
2023年6月6日,,457 ,766 ,,,500 ,620 ,,,850 ,520 ,,,540 ,,445 ,540 ,,,585 ,579 ,873 ,,874 ,"1,387 ",447 ,,,842 ,"1,443 ","1,774 ",713 ,"1,986 ",,"1,548 ","1,297 ",,,579 
2023年6月7日,,477 ,,,,560 ,658 ,,,759 ,575 ,,,500 ,,495 ,579 ,,,653 ,641 ,777 ,,719 ,,575 ,,,787 ,"1,444 ","1,721 ",769 ,"2,188 ",,"1,297 ","1,349 ",,,636 
2023年6月8日,,604 ,,,,643 ,746 ,,,847 ,419 ,,,614 ,,548 ,437 ,,,769 ,541 ,778 ,,710 ,,311 ,,,843 ,"1,569 ","1,671 ",715 ,"2,095 ",,"1,405 ","1,286 ",,,793 
2023年6月9日,,769 ,,,,764 ,998 ,,,810 ,467 ,,,723 ,,737 ,507 ,,,"1,076 ",652 ,"1,021 ",,805 ,,405 ,,,"1,095 ","1,450 ","1,917 ",918 ,"1,993 ",,"1,975 ","1,534 ",,,"1,001 "
2023年6月10日,,719 ,,,,775 ,"1,029 ",,,913 ,464 ,,,"1,274 ",,713 ,453 ,,,950 ,613 ,"1,071 ",,729 ,,438 ,,,"1,004 ","1,334 ","1,693 ",851 ,"2,255 ",,"2,280 ","1,290 ",,,"1,520 "
2023年6月11日,,685 ,,,,709 ,855 ,,,"1,033 ",640 ,,,755 ,,589 ,710 ,,,834 ,751 ,"1,079 ",,881 ,,298 ,,,987 ,"1,839 ","2,019 ",921 ,"2,632 ",,"1,639 ","1,087 ",,,"1,050 "
2023年6月12日,,550 ,,,,616 ,628 ,,,872 ,543 ,,,718 ,,519 ,534 ,,,709 ,634 ,808 ,,692 ,,198 ,,,701 ,"1,206 ","2,080 ",634 ,"1,849 ",,"1,811 ",912 ,,,919 
2023年6月13日,,541 ,,,,738 ,927 ,,,760 ,655 ,,,684 ,,582 ,633 ,,,848 ,723 ,"1,042 ",,827 ,,425 ,,,860 ,"1,610 ","1,722 ",791 ,"2,181 ",,"1,492 ","1,692 ",,,965 
2023年6月14日,,609 ,,,,711 ,920 ,,,779 ,632 ,,,609 ,,643 ,646 ,,,925 ,723 ,984 ,,858 ,,588 ,,,998 ,"1,842 ","1,847 ",892 ,"2,490 ",,"1,586 ","1,720 ",,,927 
2023年6月15日,,657 ,,,,696 ,941 ,,,757 ,546 ,,,602 ,,655 ,658 ,,,906 ,688 ,992 ,,847 ,,632 ,,,970 ,"2,038 ","1,767 ",918 ,"2,462 ",,"1,379 ","1,673 ",,,868 
2023年6月16日,,593 ,,,,622 ,668 ,,,672 ,658 ,,,454 ,,534 ,757 ,,,724 ,718 ,974 ,,912 ,,603 ,,,684 ,"2,177 ","1,530 ",884 ,"2,564 ",,"1,000 ","1,366 ",,,688 
2023年6月17日,,447 ,,,,564 ,608 ,,,628 ,592 ,,,453 ,,430 ,573 ,,,636 ,610 ,755 ,,760 ,,581 ,,,657 ,"1,193 ","1,103 ",629 ,"1,298 ",,857 ,"1,432 ",,,676 
2023年6月18日,,427 ,,,,530 ,575 ,,,979 ,548 ,,,544 ,,453 ,492 ,,,548 ,573 ,795 ,,679 ,,518 ,,,529 ,838 ,"1,466 ",543 ,"1,303 ",,"1,012 ",956 ,,,886 
2023年6月19日,,510 ,,,,566 ,572 ,,,666 ,540 ,,,557 ,,468 ,518 ,,,590 ,619 ,693 ,,636 ,,510 ,,,555 ,410 ,"1,211 ",534 ,"1,361 ",,"1,253 ",745 ,,,741 
2023年6月20日,,560 ,,,,597 ,629 ,,,787 ,540 ,,,690 ,,538 ,556 ,,,676 ,687 ,850 ,,759 ,,531 ,,,615 ,625 ,"1,374 ",648 ,"2,078 ",,"1,073 ",926 ,,,966 
2023年6月21日,,613 ,,,,612 ,644 ,,,891 ,486 ,,,800 ,,567 ,517 ,,,758 ,654 ,815 ,,799 ,,524 ,,,677 ,871 ,"1,559 ",685 ,"1,932 ",,"1,142 ","1,004 ",,,"1,079 "
2023年6月22日,,610 ,,,,627 ,677 ,,,624 ,547 ,,,476 ,,546 ,605 ,,,791 ,687 ,900 ,,830 ,,584 ,,,719 ,"1,198 ","1,139 ",753 ,"1,940 ",,"1,128 ","1,141 ",,,635 
2023年6月23日,,589 ,,,,653 ,739 ,,,772 ,510 ,,,467 ,,599 ,612 ,,,828 ,687 ,"1,106 ",,957 ,,582 ,,,772 ,"1,112 ","1,346 ",909 ,"2,000 ",,"1,239 ","1,228 ",,,703 
2023年6月24日,,583 ,,,,680 ,768 ,,,893 ,590 ,,,523 ,,603 ,680 ,,,860 ,745 ,"1,166 ",,"1,026 ",,600 ,,,740 ,"1,100 ","1,603 ",981 ,"2,694 ",,,"1,365 ",,,821 
2023年6月25日,,465 ,,,,549 ,604 ,,,896 ,548 ,,,509 ,,504 ,531 ,,,675 ,608 ,793 ,,806 ,,505 ,,,549 ,708 ,"1,743 ",638 ,"1,797 ",,,"1,122 ",,,802 
2023年6月26日,,501 ,,,,495 ,502 ,,,627 ,492 ,,,356 ,,419 ,518 ,,,616 ,576 ,784 ,,811 ,,467 ,,,508 ,"1,046 ","1,002 ",631 ,"1,744 ",,,"1,134 ",,,483 
2023年6月27日,,535 ,,,,566 ,561 ,,,708 ,507 ,,,422 ,,508 ,557 ,,,698 ,667 ,878 ,,861 ,,524 ,,,554 ,946 ,"1,407 ",706 ,"1,732 ",,,878 ,,,565 
2023年6月28日,,465 ,,,,451 ,445 ,,,556 ,523 ,,,364 ,,376 ,518 ,,,562 ,566 ,662 ,,650 ,,460 ,,,437 ,493 ,"1,765 ",514 ,"1,337 ",,,870 ,,,469 
2023年6月29日,,438 ,,,,537 ,540 ,,,217 ,567 ,,,519 ,,478 ,552 ,,,691 ,682 ,269 ,,703 ,,512 ,,,575 ,953 ,664 ,618 ,"1,811 ",,,"1,065 ",,,660 
2023年6月30日,,,,,,,,,,,,,,,,,,,,,,,,,,,,,,,,,,,,,,,
2023年7月1日,,537 ,,,,517 ,532 ,,,799 ,537 ,,,376 ,,448 ,564 ,,463 ,604 ,650 ,64 ,,772 ,,471 ,,,483 ,897 ,920 ,843 ,"1,851 ",,,879 ,,,496 
2023年7月2日,,512 ,,,,500 ,530 ,,,316 ,573 ,,,397 ,,437 ,544 ,,460 ,616 ,626 ,67 ,,723 ,,466 ,,,566 ,873 ,"1,244 ",643 ,"2,048 ",,,"1,077 ",,,503 
2023年7月3日,,503 ,,,,570 ,587 ,,,104 ,607 ,,,576 ,,516 ,566 ,,634 ,694 ,668 ,70 ,,151 ,,548 ,,,592 ,70 ,,609 ,"1,855 ",,,870 ,,,749 
2023年7月4日,,412 ,,,,442 ,438 ,,,233 ,414 ,,,365 ,,363 ,398 ,,433 ,601 ,510 ,64 ,,409 ,,383 ,,,429 ,128 ,136 ,450 ,"1,218 ",,,760 ,,,418 
2023年7月5日,,475 ,,,,467 ,473 ,,,488 ,415 ,,,360 ,,412 ,428 ,,423 ,673 ,476 ,63 ,,"1,042 ",,488 ,,,541 ,540 ,70 ,570 ,"1,314 ",,,905 ,,,495 
2023年7月6日,,479 ,,,,487 ,459 ,,,669 ,562 ,,,358 ,,391 ,565 ,,407 ,623 ,583 ,65 ,,806 ,,520 ,,,555 ,"1,299 ",72 ,561 ,"1,518 ",,,885 ,,,460 
2023年7月7日,,467 ,,,,520 ,527 ,,,"1,295 ",563 ,,,416 ,,465 ,592 ,,468 ,691 ,639 ,62 ,,814 ,,606 ,,,605 ,"1,427 ",73 ,613 ,"1,969 ",,,"1,102 ",,,519 
2023年7月8日,,556 ,,,,618 ,686 ,,,358 ,648 ,,,574 ,,596 ,646 ,,588 ,881 ,761 ,64 ,,"1,437 ",,758 ,,,793 ,"1,029 ",831 ,770 ,"1,835 ",,,"1,286 ",,,723 
2023年7月9日,,547 ,,,,659 ,687 ,,,997 ,653 ,,,578 ,,590 ,705 ,,588 ,936 ,789 ,64 ,,"1,244 ",,716 ,,,779 ,"1,311 ",72 ,758 ,"1,674 ",,,"1,134 ",,,
2023年7月10日,,506 ,,,,487 ,511 ,,,"1,227 ",554 ,,,447 ,,431 ,611 ,,462 ,694 ,652 ,66 ,,514 ,,548 ,,,541 ,"1,228 ",574 ,598 ,"1,407 ",,,777 ,,,
2023年7月11日,,517 ,,,,443 ,475 ,,,998 ,487 ,,,448 ,,399 ,501 ,,447 ,630 ,565 ,67 ,,"1,305 ",,485 ,,,475 ,724 ,"1,304 ",514 ,"1,300 ",,,697 ,,,
2023年7月12日,,485 ,,,,422 ,463 ,,,"1,321 ",473 ,,,422 ,,399 ,430 ,,485 ,613 ,528 ,68 ,,68 ,,461 ,,,467 ,440 ,813 ,470 ,"1,300 ",,,603 ,,,
2023年7月13日,,453 ,,,,516 ,530 ,,,"1,305 ",556 ,,,,,461 ,533 ,,623 ,623 ,644 ,68 ,,268 ,,539 ,,,559 ,517 ,"1,654 ",539 ,"1,073 ",,,854 ,,,
2023年7月14日,,392 ,,,,464 ,409 ,,,117 ,417 ,,,"1,595 ",,336 ,344 ,,413 ,514 ,461 ,64 ,,"1,353 ",,391 ,,,464 ,511 ,137 ,324 ,870 ,,,787 ,,,
2023年7月15日,,490 ,,284 ,,498 ,530 ,299 ,,72 ,528 ,,,597 ,,459 ,470 ,,476 ,628 ,566 ,64 ,,"1,275 ",,499 ,,,507 ,"1,246 ",71 ,516 ,"1,366 ",,,868 ,,,
2023年7月16日,,510 ,,208 ,,492 ,494 ,222 ,,84 ,559 ,,,821 ,,501 ,445 ,,516 ,660 ,574 ,64 ,,"1,201 ",,496 ,,,504 ,"1,083 ",72 ,565 ,"1,639 ",,,676 ,,,
2023年7月17日,,485 ,,208 ,,510 ,610 ,124 ,,137 ,568 ,,,"1,002 ",,473 ,471 ,,464 ,704 ,579 ,64 ,,"1,089 ",,508 ,,,574 ,"1,583 ",74 ,575 ,"2,092 ",,,"1,334 ",,,
2023年7月18日,,433 ,,157 ,,476 ,533 ,,,153 ,577 ,,,718 ,,454 ,497 ,,477 ,705 ,614 ,65 ,,902 ,,505 ,,,558 ,"1,413 ",91 ,555 ,"1,819 ",,,"1,030 ",,,
2023年7月19日,,404 ,,265 ,,437 ,480 ,,,163 ,534 ,,,"1,252 ",,376 ,548 ,,421 ,599 ,587 ,66 ,,"1,015 ",,469 ,,,506 ,"1,556 ",145 ,567 ,"1,885 ",,,"1,036 ",,,
2023年7月20日,,381 ,,318 ,,367 ,374 ,,,"1,288 ",430 ,,,"1,680 ",,295 ,439 ,,356 ,490 ,525 ,67 ,,986 ,,356 ,,,416 ,"1,390 ","1,068 ",508 ,"1,197 ",,,639 ,,,
2023年7月21日,,417 ,,295 ,,373 ,375 ,,,947 ,439 ,,,,,304 ,421 ,,384 ,480 ,520 ,68 ,,941 ,,385 ,,,421 ,758 ,993 ,474 ,"1,125 ",,,630 ,,,
2023年7月22日,,404 ,,212 ,,388 ,424 ,,,"1,391 ",452 ,,,"1,720 ",,354 ,373 ,,421 ,599 ,521 ,67 ,,922 ,,384 ,,,401 ,936 ,"1,248 ",483 ,"1,130 ",,,610 ,,,
2023年7月23日,,448 ,,229 ,,478 ,546 ,125 ,,"1,082 ",552 ,,,645 ,,452 ,501 ,,508 ,697 ,647 ,66 ,,837 ,,512 ,,,446 ,"1,160 ",747 ,525 ,"1,280 ",,,919 ,,,
2023年7月24日,,484 ,,282 ,,480 ,519 ,114 ,,701 ,529 ,,,254 ,,409 ,503 ,,502 ,659 ,622 ,111 ,,"1,433 ",,488 ,,,303 ,877 ,347 ,538 ,"1,353 ",,,729 ,,,
2023年7月25日,,430 ,,206 ,,443 ,476 ,115 ,,76 ,510 ,,,780 ,,406 ,468 ,,520 ,600 ,569 ,132 ,,"1,565 ",,461 ,,,229 ,"1,021 ",75 ,468 ,"1,570 ",,,686 ,,,
2023年7月26日,,382 ,,178 ,,422 ,474 ,96 ,,776 ,493 ,,,787 ,,403 ,416 ,,438 ,596 ,545 ,110 ,,530 ,,431 ,,,242 ,"1,051 ",966 ,496 ,"1,760 ",,,704 ,,,
2023年7月27日,,379 ,,164 ,,394 ,456 ,96 ,,467 ,475 ,,,"1,201 ",,396 ,396 ,,420 ,609 ,538 ,65 ,,482 ,,418 ,,,222 ,859 ,456 ,421 ,"1,357 ",,,631 ,,,
2023年7月28日,,331 ,,137 ,,383 ,410 ,91 ,,249 ,433 ,,,854 ,,383 ,376 ,,566 ,571 ,490 ,150 ,,690 ,,405 ,,,150 ,991 ,192 ,369 ,"1,360 ",,,438 ,,,
2023年7月29日,,293 ,,127 ,,316 ,291 ,75 ,,"4,055 ","1,625 ",,,,,303 ,290 ,,434 ,764 ,309 ,70 ,,,,329 ,,,115 ,209 ,"2,678 ",438 ,"1,072 ",,,355 ,,,
2023年7月30日,,353 ,,223 ,,33 ,252 ,75 ,,777 ,534 ,,,"1,001 ",,339 ,423 ,,342 ,951 ,67 ,66 ,,202 ,,408 ,,,99 ,363 ,"1,113 ",688 ,"1,240 ",,,576 ,,,
2023年7月31日,,,,,,,,,,,,,,,,,,,,,,,,,,,,,,,,,,,,,,,
2023年8月1日,,372 ,,164 ,,962 ,688 ,78 ,,154 ,"1,905 ",,,136 ,,364 ,398 ,,382 ,747 ,233 ,67 ,,448 ,,368 ,,,130 ,875 ,263 ,514 ,65 ,,,"1,176 ",,,
2023年8月2日,,416 ,,199 ,,649 ,473 ,84 ,,628 ,477 ,,,788 ,,322 ,464 ,,388 ,598 ,860 ,67 ,,630 ,,362 ,,,107 ,"1,141 ",905 ,415 ,167 ,,,398 ,,,
2023年8月3日,,466 ,,242 ,,417 ,516 ,90 ,,106 ,349 ,,,195 ,,338 ,502 ,,396 ,583 ,463 ,65 ,,548 ,,399 ,,,72 ,"1,254 ",140 ,509 ,136 ,,,995 ,,,
2023年8月4日,,476 ,,308 ,,632 ,377 ,97 ,,108 ,398 ,,,149 ,,380 ,544 ,,419 ,503 ,321 ,67 ,,526 ,,443 ,,,72 ,"1,244 ",126 ,549 ,148 ,,,527 ,,,
2023年8月5日,,487 ,,186 ,,961 ,"1,022 ",106 ,,469 ,516 ,,,850 ,,395 ,473 ,,452 ,484 ,"1,003 ",69 ,,"1,180 ",,429 ,,,76 ,933 ,340 ,502 ,348 ,,,"1,203 ",,,
2023年8月6日,,380 ,,121 ,,213 ,587 ,110 ,,"1,518 ","1,361 ",,,559 ,,,403 ,,635 ,690 ,339 ,66 ,,229 ,,477 ,,,75 ,418 ,181 ,531 ,"1,429 ",,,906 ,,,
2023年8月7日,,362 ,,119 ,,562 ,"1,133 ",114 ,,73 ,244 ,,,74 ,,,366 ,,532 ,806 ,99 ,66 ,,176 ,,374 ,,,73 ,"1,011 ",91 ,366 ,"1,850 ",,,587 ,,,
2023年8月8日,,399 ,,155 ,,"1,049 ","1,129 ",116 ,,74 ,331 ,,,76 ,,,452 ,,514 ,166 ,96 ,66 ,,138 ,,462 ,,,74 ,"1,084 ",84 ,457 ,"2,015 ",,,"1,592 ",,,
2023年8月9日,,413 ,,135 ,,868 ,"1,148 ",130 ,,75 ,345 ,,,75 ,,,424 ,,521 ,134 ,150 ,66 ,,130 ,,451 ,,,74 ,"1,177 ",92 ,428 ,"1,774 ",,,"1,014 ",,,
2023年8月10日,,486 ,,135 ,,896 ,"1,133 ",140 ,,74 ,440 ,,,76 ,,,478 ,,547 ,68 ,167 ,67 ,,377 ,,470 ,,,74 ,"1,033 ",152 ,474 ,"1,530 ",,,"1,364 ",,,
2023年8月11日,,475 ,,293 ,,887 ,"3,876 ",101 ,,76 ,522 ,,,127 ,,,513 ,,422 ,67 ,224 ,66 ,,623 ,,421 ,,,74 ,"1,378 ",255 ,528 ,"1,032 ",,,406 ,,,
2023年8月12日,,395 ,,184 ,,"1,454 ",,86 ,,89 ,223 ,,,140 ,,,349 ,,353 ,68 ,162 ,67 ,,697 ,,329 ,,,77 ,770 ,170 ,322 ,173 ,,,"3,078 ",,,
2023年8月13日,,339 ,,150 ,,158 ,,86 ,,"1,016 ","1,131 ",,,"1,039 ",,,397 ,,337 ,68 ,"1,677 ",66 ,,358 ,,421 ,,,75 ,"1,316 ","1,102 ",480 ,723 ,,,553 ,,,
2023年8月14日,,387 ,,143 ,,"1,040 ",,102 ,,75 ,727 ,,,113 ,,,371 ,,408 ,75 ,224 ,65 ,,504 ,,412 ,,,74 ,"1,145 ",373 ,430 ,"1,144 ",,,"1,030 ",,,
2023年8月15日,,420 ,,192 ,,"1,093 ",,105 ,,73 ,496 ,,,76 ,,,472 ,800 ,405 ,68 ,79 ,66 ,,86 ,,418 ,,,73 ,"1,560 ",84 ,522 ,"1,262 ",,,"1,253 ",,,
2023年8月16日,,443 ,,257 ,,863 ,,98 ,,73 ,680 ,,,76 ,,,460 ,,390 ,67 ,89 ,65 ,,73 ,,399 ,,,72 ,"1,631 ",74 ,518 ,"1,218 ",,,"1,105 ",,,
2023年8月17日,,459 ,,230 ,,248 ,,103 ,,73 ,399 ,,,75 ,,,459 ,,496 ,66 ,73 ,66 ,,73 ,,447 ,,,72 ,"1,225 ",74 ,517 ,776 ,,,"1,398 ",,,
2023年8月18日,,497 ,,216 ,,129 ,,112 ,,74 ,389 ,,,75 ,,,467 ,,524 ,66 ,73 ,67 ,,74 ,,505 ,,,73 ,"1,355 ",73 ,508 ,716 ,,,"2,334 ",,,
2023年8月19日,,433 ,,143 ,,"1,154 ",,136 ,,214 ,645 ,,,329 ,,,320 ,,485 ,68 ,418 ,68 ,,908 ,,400 ,,,74 ,"1,164 ",391 ,414 ,483 ,,,"1,263 ",,,
2023年8月20日,,359 ,,145 ,,"1,906 ",,107 ,,82 ,723 ,,,124 ,,,317 ,,553 ,67 ,422 ,69 ,,"1,374 ",,411 ,,,77 ,943 ,664 ,410 ,99 ,,,"2,055 ",,,
2023年8月21日,,330 ,,152 ,,891 ,,87 ,,215 ,910 ,,,618 ,,,274 ,,297 ,80 ,"1,096 ",67 ,,"1,352 ",,362 ,,,74 ,"1,487 ",772 ,446 ,957 ,,,"1,040 ",,,
2023年8月22日,,406 ,,168 ,,"1,093 ",,107 ,,73 ,459 ,,,74 ,,,390 ,,442 ,68 ,121 ,66 ,,172 ,,415 ,,,74 ,"1,022 ",158 ,436 ,"1,125 ",,,477 ,,,
2023年8月23日,,443 ,,149 ,,74 ,,108 ,,72 ,283 ,,,75 ,,,335 ,,393 ,57 ,74 ,94 ,,81 ,,386 ,,,73 ,981 ,72 ,397 ,"1,453 ",,,956 ,,,
2023年8月24日,,309 ,,111 ,,419 ,,83 ,,75 ,264 ,,,75 ,,,287 ,,387 ,,84 ,66 ,,147 ,,363 ,,,76 ,"1,240 ",110 ,339 ,"1,019 ",,,"1,160 ",,,
2023年8月25日,,347 ,,133 ,,656 ,,76 ,,74 ,226 ,,,75 ,,,279 ,,445 ,,100 ,63 ,,71 ,,371 ,,,72 ,"1,671 ",104 ,373 ,744 ,,,"1,415 ",,,
2023年8月26日,,277 ,,107 ,,"2,811 ",,83 ,,"1,049 ",686 ,,,"1,013 ",,,166 ,,497 ,,"1,824 ",69 ,,"3,669 ",,349 ,,,154 ,544 ,"1,773 ",296 ,69 ,,,"4,018 ",,,
2023年8月27日,,213 ,,77 ,,"7,242 ",,41 ,,"6,078 ","2,031 ",,,"4,191 ",,,71 ,,142 ,,"4,210 ",67 ,,"3,409 ",,256 ,,,84 ,127 ,"5,553 ",512 ,67 ,,,,,,
2023年8月28日,,271 ,,117 ,,"2,262 ",,74 ,,"1,241 ",235 ,,,99 ,,,213 ,,387 ,,112 ,96 ,,69 ,,419 ,,,100 ,414 ,"2,620 ",403 ,94 ,,,597 ,,,
2023年8月29日,,316 ,,154 ,,435 ,,92 ,,75 ,291 ,,,76 ,,,348 ,,422 ,,73 ,566 ,,68 ,,441 ,,,73 ,942 ,,479 ,936 ,,,983 ,,,
2023年8月30日,,370 ,,174 ,,74 ,,99 ,,74 ,231 ,,,77 ,,,245 ,,404 ,,74 ,421 ,,68 ,,308 ,,,618 ,876 ,,326 ,"1,314 ",,,"1,839 ",,,
