time ,device 74,device 119,device 125,device 127,device 128,device 129,device 130,device 133,device 134,device 138,device 139,device 140,device 160,device 161,device 162,device 163,device 164,device 165,device 166,device 167,device 168,device 169,device 170,device 171,device 172,device 173,device 174,device 175,device 176,device 177,device 178
2022/8/1,,,305.8331733,,,,,,,,,,,,,,,,,,,,,,,,,,,,
2022/8/2,,,208.0943131,,,,,,,,,,,,,,,,,,,,,,,,,234.2696014,290.5050189,334.294885,317.2709729
2022/8/3,,,191.703307,,,,,,,,,,,,,,,,,,,,,,,,,272.512578,350.5210292,393.7310944,365.617526
2022/8/4,,,188.2021401,,,,,,,,,,,,,,,,,,,,,,,,,,,,
2022/8/5,,,179.4882471,,,,,,,,,,,,,,,,,,,,,,,,,,,,
2022/8/6,,,147.8980514,,,,,,,,,,,,,,,,,,,,,,,,,,,,
2022/8/7,,,147.8157006,,,,,,,,,,,,,,,,,,,,,,,,,,,,
2022/8/8,,,165.9556746,,,,,,,,,,,,,,,,,,,,,,,,,,,,
2022/8/9,,246.9234457,147.5722677,228.1467638,197.7572155,211.6021279,195.5019771,207.2254492,231.2376904,211.814305,234.6947173,248.6682881,,,,396.9537954,481.5601963,,,469.7470692,414.3032745,410.7688558,,,,,,,348.3416652,,
2022/8/10,,203.4584206,156.3894113,180.4635174,156.0589512,177.6417028,122.1484384,181.0966768,183.2987635,156.4550585,196.4710565,202.3736459,,,383.7685378,226.3067191,268.212952,,341.7202777,271.584298,281.7651229,259.1190147,301.1278206,295.7417394,,369.9044476,,,207.8050787,,
2022/8/11,219.8679508,202.2017166,141.037986,182.1668284,166.5151938,189.5500146,99.92452501,182.5336061,190.8900784,162.9753371,209.6104616,194.8761571,,,296.7545193,203.4544795,250.6332702,333.9191779,241.0917711,257.459676,278.4269327,240.4965414,220.2543495,218.08229,,294.3834806,268.6502592,,191.5638322,,365.8908978
2022/8/12,161.5268105,180.4144075,155.1229799,158.091863,150.5996007,168.7296589,66.07732955,162.0101909,166.0062414,145.3327136,182.6753738,155.9843064,,,248.8120774,170.1498144,217.5574542,240.6603502,205.8477873,225.5724341,252.1765333,214.5682684,185.2939172,189.0140793,,239.0616452,202.9752623,272.0218356,163.6835256,304.229269,217.2853672
2022/8/13,147.4002673,175.1825237,185.9527632,150.3819816,145.3169552,163.7556896,60.56502132,155.6644975,160.8551667,141.2538609,178.855324,155.1582615,,,228.1238177,153.3229756,210.9971864,218.3499756,187.5760663,214.5559794,235.2171211,200.9381944,164.9955276,180.8587162,,220.7653309,183.7635767,215.2551032,152.8645565,227.1483885,193.411773
2022/8/14,136.4809716,168.4242794,187.4622429,146.7679236,139.952281,156.5507496,63.5924333,152.0683766,153.5765342,134.4199954,168.3658189,160.7627632,,,215.0483719,153.2170138,192.9234767,203.5256462,175.3008487,204.217343,217.3645391,187.1609579,154.4567052,177.3932053,,205.8605854,173.4418431,205.06211,147.0608304,210.423401,179.5277514
2022/8/15,142.0913367,181.149573,177.2568931,174.1740779,144.8451571,164.6402791,72.40520265,171.7463476,181.1373331,142.4036851,183.1644591,156.7127526,,,219.3107723,165.5986172,189.5786429,233.0249952,177.15904,218.8114323,220.4217102,185.3980188,158.9436954,186.3267318,,206.7455498,165.2157434,190.9324081,151.5923906,206.2030772,192.6964418
2022/8/16,183.0155687,207.8313966,196.440012,210.3684005,175.1397157,204.2364675,161.4173424,207.0541421,222.5937155,181.1035191,232.413443,231.8789059,,,256.9614186,200.6008727,231.8054783,230.9720348,194.9311555,244.7880337,240.1342945,200.9057549,180.7839523,217.7146516,,238.8449616,189.5821202,203.6888852,179.4730544,230.49921,228.4749811
2022/8/17,175.368384,180.6639927,171.302954,185.5443806,166.8237206,187.6714478,157.0292338,187.8937995,197.2933522,163.2014843,212.4096366,222.5971577,,,236.2944026,185.9109888,226.6416516,203.6308803,189.0725324,227.3386873,225.2339702,194.8892814,164.9434291,201.3024019,,209.3063619,172.1336061,184.8954871,172.8623994,218.5774067,205.4681838
2022/8/18,157.95207,181.3869264,132.734143,165.3689485,156.2319162,170.894,100.0046913,165.4337017,173.1579294,147.1963108,187.027269,160.2934725,,,210.9688543,159.8448567,204.6510861,199.2789537,172.2692843,205.4706651,214.5985604,181.5536657,152.1817025,185.6210465,,180.0344303,175.0070043,181.0773697,154.4723302,212.5144768,188.4039558
2022/8/19,141.2586056,179.4403738,150.563445,172.9269563,144.3514198,153.6715646,75.39746262,164.9334952,175.429094,135.0914875,170.884581,152.6659235,,,199.996215,154.5526362,120.0252889,208.4479717,160.9738207,203.4050664,190.8716462,163.4222368,140.9347018,176.479606,,168.8238538,147.8874722,164.2247614,142.2446679,183.7577323,174.129685
2022/8/20,157.6509111,165.9186701,162.4876662,175.0582216,145.5260893,162.7597392,110.5765398,158.7104267,178.5068997,145.4971008,184.941223,191.2911454,,,220.0781085,161.1542386,67.21172143,194.543769,154.7501598,195.178854,188.8131471,161.0356026,141.3540531,171.9691969,,174.9735928,143.9650768,160.9994147,150.393872,179.059863,178.0435356
2022/8/21,162.3083087,181.1224787,145.3502459,170.673467,156.3506304,169.9495307,110.9620168,165.0030752,175.1545965,148.9881314,189.8346221,177.1201565,,,202.5189654,158.5300466,18.02532521,198.5210507,163.5377706,198.2094534,207.1464163,172.3774295,146.4626428,174.2716329,,162.6006766,159.0956573,171.1630875,155.2739112,192.5784159,186.6356381
2022/8/22,125.6420252,150.0738521,121.4457641,144.2200319,121.3424543,134.5930403,75.15827441,138.9171379,137.1115032,118.7365432,148.3677699,150.9669298,,,166.3934232,129.9125266,17.77331261,179.9908029,131.7817397,165.2957459,174.2458661,140.5413369,121.2044899,142.5230922,,136.9293561,130.6776043,138.6269886,121.3588624,154.3740507,149.7828159
2022/8/23,131.3362781,134.0144395,98.6395875,143.227059,116.9004535,136.9903272,110.1575423,129.5827792,135.9205607,119.255688,154.4132589,156.3047338,,,156.993254,126.4229557,17.82225451,165.1997858,125.1565447,155.4967941,162.978874,130.3217028,115.4891321,139.4241102,,136.5024212,124.7329173,131.7589485,116.5580428,135.8052983,145.6725092
2022/8/24,137.8234156,123.9038033,122.381053,132.0612765,107.3474123,121.7511578,73.08578781,104.5447258,117.9417338,104.889272,138.8985523,141.2760482,,,172.5604413,114.5253054,17.49630411,145.1183362,120.7147073,148.4615573,132.417466,126.1924849,101.9353542,132.6936844,,128.1975265,97.4513747,131.0391597,107.8849124,129.3330665,130.0723678
2022/8/25,140.5902812,152.4164166,143.0056547,151.8215241,124.0559131,143.1976904,111.4147983,130.9097797,149.6100593,125.3654335,157.8366952,157.1186556,,,170.7829314,136.3301722,17.9590688,162.569432,133.8761624,151.124185,152.6523557,133.85782,118.5528794,138.2722357,,136.7378864,125.1228059,138.8375926,123.4951371,145.7134004,149.3702846
2022/8/26,155.1958827,181.9085586,133.9244156,178.9762382,151.5718981,181.2010474,168.6025255,162.0740999,174.1931556,151.8844782,187.7198854,195.1270199,,,192.7787757,168.9809185,19.57881753,195.520889,155.6513589,193.9447411,196.4134883,155.7676077,140.6245463,167.4955562,,160.1560598,155.6799032,150.4067689,156.3432981,165.9170886,187.8431884
2022/8/27,148.3021734,177.0931103,126.0459986,171.1949876,149.4036294,175.0838994,174.4989045,157.523475,178.0234058,149.6996473,183.6579083,1269.400592,,,187.6118683,160.3927645,20.09585129,221.5587205,156.3302765,197.2579827,199.2341179,153.4783815,141.282087,166.114469,,163.806191,157.9849544,145.9476909,157.1300732,164.2683145,182.8093366
2022/8/28,95.78724483,89.85855954,144.7514665,103.1601674,78.33986788,112.6515919,82.19925402,80.95813295,90.79232732,86.87929983,98.82880959,2659.958767,,,134.3745787,80.13425031,20.45368435,134.9105028,98.06757923,123.3942505,114.301902,93.56538968,84.19460257,96.52582947,,103.8596944,93.69614299,90.83399732,87.18258928,68.08501884,103.1561494
2022/8/29,121.4819464,154.9516696,147.9917741,151.4182087,128.5246661,157.4334725,161.3505142,144.4899965,156.5174928,134.1849308,158.1361191,2327.168731,,,150.9305019,145.0492867,19.67035617,163.0109562,135.7942837,170.6011224,172.1504713,137.2423005,111.1079078,153.9972985,,132.7062522,147.5531223,129.1397559,132.1618743,139.2507291,159.2566886
2022/8/30,114.0682008,149.5756486,124.1974299,141.7268517,127.7708111,160.4122297,154.0800856,130.8967198,142.4596255,124.8673071,150.6349452,2476.122189,,,142.6018186,140.2063273,20.16945162,169.7182706,134.9604646,193.1113842,166.9505341,129.4030235,103.8002245,142.7841049,,128.9042124,140.3128979,133.6226971,127.3426962,128.643043,148.2413047
2022/8/31,121.9108557,162.100536,134.5020795,157.7349863,125.9394385,170.5801896,170.2371407,135.8647103,163.6594902,140.3569639,173.7975732,2084.632183,,,133.0738676,133.1715401,19.47071062,184.71086,150.19846,173.0318345,200.1955999,135.6443364,117.9885614,144.4887486,,144.8008423,146.5748841,132.7244107,137.8634722,144.63515,163.1940095
2022/9/1,153.6470789,200.8641563,128.3938487,178.3076331,139.0456194,187.8762651,166.1655188,152.0882971,178.0592519,164.8294102,175.4893646,1088.460335,,,182.1461939,149.2344565,18.51917445,170.4214421,158.396843,178.2306017,182.0681628,154.8412379,143.9710713,130.940579,,155.3312613,138.4062471,158.3290147,141.0889243,153.8012257,195.645568
2022/9/2,164.6077496,173.8012194,174.1470533,166.0162747,122.7083393,168.9467974,108.1516949,133.8920951,159.6726952,142.4378769,176.9381882,640.3547071,,,221.8468012,144.6371928,17.88235873,160.891428,162.3364694,179.4157142,167.3390846,146.1965752,131.1667104,118.2233882,,147.7829852,109.3516568,152.7706987,132.9862838,127.5830387,188.8847928
2022/9/3,169.2512148,172.272799,165.9103045,173.562319,130.7225376,171.4609929,117.5924494,156.0548898,165.6232013,150.9548931,182.423139,288.2480792,,,207.5605498,159.891608,18.01503165,174.9587158,159.4553458,168.9189573,169.204129,152.5023655,130.4475529,137.5769814,,136.6960851,129.5915014,151.7951125,138.2444543,145.0735983,187.4104558
2022/9/4,180.7217879,209.3304893,145.4149604,194.3329777,152.7448431,180.3017698,131.1395578,168.0299908,191.8762002,168.1574747,209.7790765,586.7149018,,,223.527773,176.9506451,17.95370677,195.486081,179.6164856,200.8971386,184.4072837,161.0623846,142.3713647,150.2255597,,150.7765891,144.675877,179.8790798,152.3844437,171.5253357,215.6552291
2022/9/5,204.7047386,254.84101,146.5195999,231.352845,189.6629745,202.8171736,178.3087855,199.5154963,207.7946723,199.9444232,254.4279736,713.6369732,,,270.0620754,216.232479,17.78759959,217.5949907,237.5183804,227.7154664,224.2175334,183.9276337,165.3409292,196.0700006,,180.4907912,169.7702284,230.553685,178.6885034,209.3568602,252.0580381
2022/9/6,205.8474664,224.547416,181.1798227,204.8710424,157.7239058,184.053827,128.0592915,166.4675551,183.9071198,168.2436965,204.9722267,297.7471908,,,355.0446255,201.531943,17.44512084,206.508712,207.4651883,210.4943739,200.0805892,178.9706881,142.0973458,174.9995691,,159.7628124,139.4662777,190.332487,159.1820311,178.2338943,241.8143015
2022/9/7,204.7178719,187.0861912,143.1515578,184.5693562,153.8542704,176.5904598,122.9577342,150.4388661,197.0571104,165.6039304,194.9379956,30.18572417,203.068155,,363.0395014,183.3944546,17.27394733,169.6798379,198.4029412,193.2661293,184.3974386,182.1022496,130.4701728,176.5772753,,158.7733052,130.8451157,169.6268467,156.1327548,169.7703288,209.9059551
2022/9/8,202.102168,170.8841794,122.4699015,173.967239,146.1507407,161.7771536,112.3827894,133.6885793,,153.7920122,177.3861572,18.09405484,244.9839089,,327.2223747,168.9380405,17.2893096,159.434813,184.562473,173.4751052,178.1842969,174.2664584,118.3306202,154.4594984,,138.6093088,125.712906,143.4414827,144.0619188,152.3148606,187.7281456
2022/9/9,157.685049,131.9788168,126.7547794,141.4444462,126.926815,144.8859286,118.4319378,111.5936288,,126.9954957,146.5726895,17.86515225,261.4823293,,236.2770972,141.4482056,17.43820701,143.0368458,154.2555726,152.4040384,165.6682196,144.4922382,99.56646611,115.6279503,,119.1710341,113.8715433,126.7007459,122.2921884,128.4125434,147.2047741
2022/9/10,159.9369192,151.549492,131.7582132,161.3697493,119.6615269,140.3860772,257.1112782,116.4331047,,137.1861842,141.6085436,43.62500424,182.8932201,,238.6726279,139.7108186,17.84893156,150.6950607,151.0930424,135.6584352,145.0735117,135.2783003,111.1759807,111.4540012,,117.2758853,113.8273663,124.8435387,116.1391652,125.8941015,158.7727546
2022/9/11,174.0318494,191.0044018,133.6367285,180.9135112,134.1171904,155.4636096,165.4659533,130.448889,,153.587691,189.1401262,312.5824117,185.5704658,,287.8749559,159.9783669,17.671041,183.2987909,168.2133592,160.6793888,189.0212551,150.728893,122.566901,147.2505035,,133.4418431,121.2995295,158.6883059,137.1769269,139.9346037,181.5555244
2022/9/12,204.1872562,215.9187291,147.8810655,209.3975511,188.1809572,185.3356453,185.8350813,144.6985845,,188.2136419,213.5316681,37.90208097,204.5733466,,306.6806065,201.0178169,17.61679453,203.5635959,223.3995132,217.6798182,239.6683279,181.8569428,154.1164632,148.7902095,,161.2449422,147.2731757,195.5463795,188.2941671,186.9102321,225.7994021
2022/9/13,181.7739968,165.47985,153.3231758,181.4777873,148.7339269,173.4168887,178.0388024,146.8933056,,158.1517841,188.2912111,187.2830435,179.7225927,,254.0945919,179.9478589,17.91197227,161.5806958,176.6133242,178.8839381,178.3607738,170.403164,129.8711421,142.1534858,,153.1325283,137.3371053,157.0434012,147.0328336,160.1223313,198.4811049
2022/9/14,151.0959657,161.2140276,117.7612178,161.2953242,128.9149994,142.9335374,149.4217052,126.6391759,,139.4195619,154.3720948,204.1666828,125.0906625,277.0357108,216.5991807,153.0362444,17.98140523,160.1178632,154.6056638,142.9590521,156.7652138,144.8340897,113.4573682,120.5986425,271.4425221,117.2666488,122.5908652,124.9762294,123.8466921,137.8153878,165.0513106
2022/9/15,114.2894676,122.4471092,146.8803412,141.7402387,92.01379349,104.6496641,104.808593,94.77359281,104.2102724,108.6914877,114.1345835,185.939029,110.3930913,167.8684701,155.0626971,106.7769324,18.26402125,133.4006138,122.1697109,102.643623,118.6199879,106.9519863,88.13314073,94.64764703,153.2032711,84.19766135,98.41106863,97.79054878,85.40136598,90.56422933,117.4302122
2022/9/16,143.6017645,178.5873892,132.2504429,180.5006406,117.8029896,141.088387,125.1877804,122.8626786,147.2924777,137.6887696,159.430431,215.5245903,165.6427946,175.2707293,196.4370229,144.540413,17.97230653,161.7472577,157.2342915,146.4542187,155.8675985,132.4567569,113.537763,112.1743566,167.0789376,113.9963167,115.5328489,135.1573015,112.1939741,125.2080414,159.804812
2022/9/17,178.9091419,198.540345,149.630782,193.753296,148.8441655,166.3133544,149.8141442,134.2737187,156.2101492,156.3765079,185.7980878,122.8155829,201.765485,179.4080041,263.3061196,187.5930403,17.75819201,167.3514082,214.783864,192.8145822,182.6032763,169.7020319,127.9771104,143.6394436,174.8580413,155.4475261,126.8727847,163.3058776,145.7219996,150.533653,186.3503105
2022/9/18,203.0813207,177.8033988,122.7967992,178.4812556,130.917992,159.6327877,121.915661,123.215834,145.3591501,159.968596,178.7703546,18.0318962,141.2524772,181.6252384,254.8323285,169.3961508,17.68466288,163.7729021,192.6623891,163.0748697,161.0272595,157.0337274,129.3286231,129.0361456,183.0826701,135.0693761,115.616936,144.7637173,132.2233568,137.7032605,198.2489088
2022/9/19,184.4914489,135.1004722,119.5674883,148.5482602,116.7202615,134.1000246,90.61545054,128.5110942,129.8172375,129.5645268,146.9388625,30.06839698,102.4682476,157.7665199,235.2885314,148.8566576,23.13999236,150.8114304,207.68387,143.0938934,139.5813703,141.3917484,112.1290705,121.5133634,155.1989953,109.9937067,91.16292348,111.4348088,119.8978451,123.4028261,173.130565
2022/9/20,128.1456005,93.69805425,103.4481498,108.4905686,87.35693111,104.8918048,63.72043185,41.79275456,78.66911407,95.0752269,103.4626963,17.8360964,106.5481821,112.4234323,167.8369038,99.91760248,17.25762088,103.63909,158.3262622,107.0264623,103.9957337,109.2503522,79.57368036,93.54056676,112.964108,84.67729409,65.49099428,79.47790069,83.36075196,69.109921,115.6339815
2022/9/21,139.9204298,138.7541609,94.26472874,138.3750682,106.4367316,126.6499086,91.48780974,18.90798547,99.21576996,122.0124577,129.2367213,17.89290194,236.9333551,130.2907108,185.3331658,123.4395567,17.42299681,134.9667331,191.5706014,142.6654446,162.5333986,125.5415749,97.36619604,93.70546172,127.7651574,91.20367807,92.32544157,109.3618659,108.0109686,90.57159994,148.0840409
2022/9/22,139.2764848,139.4510435,96.32413294,137.5430096,111.8455019,132.084605,105.1125832,78.91023686,118.953117,120.0200326,138.4160329,18.21039326,232.5105123,142.6670083,181.6030995,124.8332287,17.81324128,174.3793584,189.1923991,151.2210533,184.1577778,125.8943436,102.169177,105.947578,138.9470292,102.1961035,103.2167841,102.8873224,116.622403,116.0311091,154.6302627
2022/9/23,149.250743,143.570352,105.2773929,153.4344398,93.10663317,115.5079518,47.93078593,52.90834083,97.30289023,129.7904761,114.353024,17.2184551,83.71119832,115.3711082,188.1414832,124.673445,16.73795742,147.1495956,181.4283058,122.0234798,108.454795,116.0455574,98.47899821,102.0722817,121.5062984,81.44503117,68.10526624,100.7810853,91.94092449,66.9751411,136.6282102
2022/9/24,141.6623505,153.1168467,106.399598,181.6052204,115.7386793,144.6372857,104.0297196,89.0178601,128.1541237,140.2106267,162.5422946,18.04004682,262.1058989,150.8087314,172.6241593,135.9977379,17.41022589,133.5971395,187.2795184,163.6399141,168.8005183,134.501315,129.3855354,110.5860757,156.658703,112.7349417,100.9308472,116.2568966,117.3041352,97.1795973,150.1666463
2022/9/25,140.0814863,158.9432996,113.516157,173.0735058,123.7408497,148.280387,102.3225942,70.15520102,131.1028186,143.1722564,143.8140443,17.70911932,305.1518099,150.0779372,167.5981418,130.5901364,17.21962291,142.3774646,184.519853,158.2376126,207.1195311,126.289644,123.4053944,113.0146325,165.5593878,109.13225,100.2733655,125.9596206,124.3930515,110.2898395,167.320094
2022/9/26,178.9350908,190.256692,118.9420845,221.224011,169.6502186,172.7041117,148.1468758,119.5423564,149.7371989,167.1288309,191.0738231,18.03954209,174.0452325,167.7689833,239.2496549,181.3934593,17.57915672,159.6764742,238.9001078,190.6242843,201.360748,167.0137167,139.4825324,140.7024244,183.7278688,161.1325607,127.8965882,150.2231096,150.4659323,139.3358038,191.8005011
2022/9/27,165.0800888,175.9015567,119.7252028,182.8492798,138.2315831,181.7386041,164.8450039,20.05185285,151.6796041,160.8187128,184.8951793,18.54989691,203.6584989,161.8609139,185.3431466,161.9291237,18.24776272,158.0119796,180.0287957,160.3511309,172.4738599,147.3417662,137.9006793,146.3324196,166.6865413,142.6711295,130.6722122,131.6999661,139.3350221,141.388283,190.3413266
2022/9/28,188.4579437,207.3694123,134.7158928,199.7447648,164.5953041,188.0243677,174.3515043,62.59595151,177.4663234,184.7828846,187.9948091,40.49735029,218.6302042,167.3266462,212.815594,192.0834796,17.72403384,185.5439677,220.2516111,192.9922136,253.890335,162.9388008,167.0288337,154.2906339,170.2823536,137.6562661,138.7885325,151.6111239,164.793282,172.949489,229.6885193
2022/9/29,162.6401896,146.6303449,108.4548109,144.3602911,140.3885344,142.4346991,144.2689543,78.19649531,120.6213037,137.3493391,150.0303711,18.04269751,251.0203499,164.0359105,197.769737,166.6307514,17.96756003,149.5785603,191.1407778,167.5237097,192.3349952,148.0005813,128.5154093,142.7104955,175.4679682,112.5992802,121.6222522,126.213016,139.3709105,145.1346744,173.2665294
2022/9/30,160.347916,158.9805553,110.3966133,175.4896913,151.0297637,162.4643967,172.8930825,110.5037338,148.6950889,148.1647993,181.4094986,18.29490405,191.4217108,164.1246209,190.9188257,182.3999361,17.87530865,146.3773629,190.9452652,174.9473775,181.3056769,160.3802265,135.1930179,153.8090367,171.1551663,142.3179418,138.3269228,140.1189578,151.2281548,161.316994,192.0443701
2022/10/1,151.7534292,160.1345554,145.0915581,169.925171,140.782518,159.3803922,134.0246236,138.6515373,147.6086285,145.5026298,169.2842791,26.89574183,164.4584066,165.0621503,174.083322,161.1636934,17.70129527,143.3784735,185.0894504,153.3672995,192.7245193,152.4213548,135.1581378,138.7423505,172.3820326,128.0179019,127.1056088,143.9712426,139.2813638,155.1186048,188.5302481
2022/10/2,159.7829158,178.7415608,157.5105884,181.0281223,157.6369108,167.4332761,156.8387334,157.2712089,172.1499897,163.7095798,187.6761718,24.74718753,139.2608231,181.0771143,193.8767584,184.7192571,18.0609308,163.6924347,188.4705907,164.4365838,187.5107768,157.2882803,145.5341644,150.2642758,187.8082924,139.3901541,144.1226801,146.476816,149.61882,171.5432786,202.8047763
2022/10/3,125.1060224,154.965296,117.5359396,162.7623116,136.9978952,153.148092,159.8850395,132.2054592,150.9378323,141.1854035,162.9961036,194.5542257,126.2374518,162.1319908,156.2703878,161.1764542,19.22010275,145.8773354,154.0290439,148.4719681,168.1304843,138.098218,124.8688678,140.0803602,162.207718,123.0103449,138.8735312,115.5175716,138.099822,144.6899499,169.6869369
2022/10/4,83.780153,99.24027987,55.19019544,119.5575851,82.23679736,131.108552,91.16379936,85.58433315,72.99985956,87.23282983,77.58523256,1210.197165,41.57462523,118.142839,116.7446829,88.76229082,17.46028319,130.0797894,112.8066326,89.43662916,100.2684632,92.74138795,86.00066455,79.63462871,104.7061359,90.88164478,107.9239483,72.66130957,90.1446746,36.68914461,93.02047825
2022/10/5,127.7913799,,118.8541156,114.239719,,,,,,,,,90.63054392,,,,,,,,,,,,120.495949,,,,,,
2022/10/6,142.8592881,204.0441248,159.5869975,192.6970326,158.9625614,236.8476143,210.2617439,114.8537851,154.8584746,157.9374633,144.6340106,4254.898452,276.965369,158.0538785,208.8509383,161.1574152,12.58948726,203.1908575,187.8345149,176.2969919,183.2206399,164.1588142,148.3559849,136.3963814,140.926998,179.529663,160.5648083,122.9673323,163.418191,74.76476156,175.9228096
2022/10/7,123.2680149,171.0493311,144.053481,189.9103104,134.74986,213.0745846,181.3971601,89.87929887,154.4178487,137.3124306,194.4776424,3016.940678,397.5927789,159.5147235,149.4429772,130.5114879,19.13696328,181.1126866,181.2285326,163.6621851,206.9014991,127.3062872,122.1277006,120.3027369,160.3120269,162.697966,147.1408186,127.9681782,142.2504787,98.71637726,183.5430068
2022/10/8,119.4268621,171.5814063,95.25257819,184.7701905,154.3979086,203.8246402,202.5015602,49.37327206,140.2099563,140.3845833,170.390179,2124.795285,387.2941528,188.476016,183.51644,153.4887824,17.21868594,156.5613787,180.3785965,188.465215,197.6815391,141.5404762,126.3500988,131.5270909,189.5994988,157.4371853,149.6032542,119.9269579,159.122588,127.8594769,165.7972197
2022/10/9,93.1256503,128.7471488,76.48090301,108.5188631,85.04640273,136.0749623,126.1835323,88.79392722,95.05666413,88.28861037,92.226259,290.9974095,114.0827484,131.2770426,117.3175035,91.07855972,18.86026485,152.4491114,130.3683685,104.3375014,104.7349966,92.42293915,102.2319186,82.11930323,118.6031841,92.5491424,103.1601185,84.22687289,93.40127716,68.0920853,129.9133556
2022/10/10,100.0312586,77.56923407,47.73635376,110.9710745,66.53655807,115.2169619,48.79972329,57.42874592,94.82125408,82.784577,116.6648767,17.40659965,75.81370734,60.61019951,142.3074183,64.17389183,16.27629589,131.3588781,126.5961606,91.0598744,92.72106724,67.18800965,98.00827876,54.33199976,54.14062576,96.88291824,54.69112266,77.22487239,75.95433687,45.53671059,103.5976955
2022/10/11,125.211781,81.25815141,67.43835534,137.492492,73.81160113,126.4225363,64.13683731,57.71963839,73.77646234,94.73926732,119.0672756,17.90044272,130.6139038,80.06467194,172.0641738,120.70897,17.62088059,126.431462,137.6108995,127.6472928,145.8021046,92.49396873,113.4986659,67.68625731,83.42875756,118.2904126,63.98325439,79.5076165,85.24282044,46.19575402,113.4013708
2022/10/12,125.198378,102.677306,58.46811632,140.6895075,93.31674707,131.4777403,97.99434366,33.58671393,93.75496476,106.7990219,131.2730331,17.96371925,116.1749627,91.13307259,167.3435611,137.7756816,17.88124875,122.3313457,151.5176099,122.9029244,120.0628278,115.1857151,124.2500796,89.95152227,85.04040416,111.1190208,84.81130629,97.05055499,96.68009654,73.44954698,140.0280027
2022/10/13,113.2441144,74.70770081,80.35367473,119.2787871,70.34358163,107.8996871,73.9653981,31.27206549,74.17188204,86.92971279,94.76492557,18.75204901,101.556239,90.41463701,130.383876,90.80051595,18.35171464,99.26749332,109.750983,94.44070116,86.30618871,87.65881588,101.312695,76.42338146,84.97816835,87.68206699,65.08905847,81.03515595,76.47594278,44.3176099,109.6686598
2022/10/14,125.9423037,158.6449492,154.0789085,142.1230411,87.92119682,135.3015704,96.5474673,57.62427816,119.5121481,129.8181368,121.562566,18.55542881,161.4181935,108.0254452,132.308268,106.8367429,18.1764908,125.5036188,127.1647758,103.7563771,105.29362,97.58766103,133.2338899,93.57025968,110.6391053,99.15918648,81.65592636,92.61165653,88.60256032,70.62725348,143.8988686
2022/10/15,185.2946528,198.7107153,181.2800776,199.7796281,115.5135712,181.6377654,142.7892953,105.7000975,182.9732422,187.3721651,167.2437759,18.5376833,192.1628923,140.1499617,156.2248634,140.4503341,18.07472543,171.7874418,149.2272158,131.0933846,139.7036831,125.2497242,183.1358277,126.7528855,149.0739062,121.6047217,109.8623338,124.2660482,120.3205825,107.557115,218.0362317
2022/10/16,169.5538277,198.0036771,146.5456318,204.9872571,156.0210577,216.3582936,214.8377344,182.2466351,195.4592218,191.7672033,220.5879642,18.7187027,156.6090682,175.0657057,185.8093588,184.8980485,18.32209532,176.9639712,193.6651218,174.2522097,192.8527862,158.0500897,186.1962209,170.7934326,178.5881876,164.904983,149.5464446,141.8333003,162.3305047,153.8030078,225.673694
2022/10/17,84.80536116,76.05708286,59.75169487,91.8185739,61.17180833,93.74990216,59.72912395,33.45148496,68.12081777,74.00248806,79.78362989,18.50361036,32.93660491,94.24829143,131.5324098,83.68400097,18.02302427,91.53630523,88.90049932,77.33298689,76.4447162,72.48685902,83.37636303,64.26172499,87.74053475,68.6937868,55.30225478,63.31772665,71.22630411,33.01928867,88.39973355
2022/10/18,83.61566293,75.69781732,47.34313621,91.87302849,68.4454046,105.983377,58.44426885,39.15597001,58.51981408,77.01901897,78.19274138,17.94462169,89.72219738,,159.2497451,85.09936828,17.59929439,93.37599693,119.626531,110.5056739,111.5210968,68.88657005,95.80540379,66.51544987,,70.32362195,53.0511823,62.79033531,84.09676435,38.62371234,105.6635586
2022/10/19,112.3762971,91.76686238,54.92566241,109.3163668,84.21557031,111.1414232,65.24135524,46.11795679,64.89694606,90.37055915,91.21011359,17.69219986,79.52664889,,146.1656572,101.7160956,17.43609863,94.79865602,122.3203177,94.11176889,113.9342181,81.95294611,117.9486827,86.50983463,,75.71051904,64.73155395,76.74181747,96.14754808,45.88298708,121.9110406
2022/10/20,97.70078444,90.30197693,58.55957593,126.2429343,80.35608254,117.0609618,84.89243093,48.88567205,82.7906934,95.66653018,106.1510597,18.37035524,87.08813676,,132.5544309,104.5444862,17.99007409,90.8327201,117.8757175,94.69728315,97.79499034,98.02644567,117.0442444,82.5998621,,94.72515941,68.61269848,83.39550249,88.07629438,46.79766378,113.8697094
2022/10/21,124.3627899,151.8318629,98.33968028,164.4946823,116.3696189,150.2255006,138.9984944,101.2360173,133.6982132,140.9985916,171.6364356,18.63451541,114.8333545,,176.1869777,152.7384697,18.26592948,125.4239261,158.1693491,162.6192893,182.6451856,121.9872926,144.7803369,119.104977,,131.2285762,103.7544849,86.62636347,119.7527664,89.76982759,149.4548108
2022/10/22,164.7707541,203.891629,132.7109654,202.707862,151.9915753,199.2840938,172.7332287,140.408789,195.0669888,199.7410708,210.1901488,18.62247309,159.1072257,,198.149548,175.3881537,18.19278491,161.5738223,176.1953248,180.7484081,215.7567226,142.590514,203.5963221,143.1313444,,144.5571553,127.1012328,109.0106846,149.0541328,140.4113723,219.4326146
2022/10/23,134.7364487,165.9922807,94.32396634,178.1064015,122.8765422,170.5332513,158.9580263,78.800906,157.7281376,158.5253616,154.5260551,18.71567053,132.5535641,,175.3729331,166.8132111,18.25926467,130.9539375,153.9989014,156.9019013,160.5069676,137.2267714,158.0585938,130.5476277,,129.6383107,112.9081279,96.2687379,130.5145397,117.9736338,176.2787946
2022/10/24,106.7412156,109.3869143,82.03621064,127.1119463,106.0370544,134.5037924,132.8324943,92.10793338,100.9934286,110.019565,134.2918712,18.48117491,134.6505279,,154.8971323,135.0385349,18.08774459,106.0202002,143.1489389,133.3432474,143.5677325,112.6869993,119.6517535,111.6084045,,103.9995188,95.55726589,81.12468064,112.9586584,92.95385065,134.4853144
2022/10/25,78.31235508,86.31589239,72.57174987,89.98792512,86.83410696,107.1104663,93.97525526,65.66637474,71.44972053,84.5198337,89.1243581,18.18754458,84.01452873,,108.9137922,99.52567665,17.64946868,77.74295536,115.3514273,97.62585999,106.3688113,96.49375923,103.7204901,94.55171199,,73.62696217,74.72986439,66.27860348,94.47939667,65.2471016,103.3978269
2022/10/26,79.95085841,101.3534534,74.44358446,113.8276582,95.43757319,120.5766112,109.0785981,50.96669088,87.34112495,93.35400211,96.9486693,20.51612488,83.94449685,,122.6025927,109.0367618,19.9256818,87.70436824,110.4461203,105.7540491,114.4495527,95.40424321,96.57526099,91.83625375,,91.60399368,87.1362769,68.88727906,100.0993868,63.94244758,111.3071708
2022/10/27,88.17345654,108.1042191,111.9388507,119.9869136,88.42516861,117.6336428,115.7983914,50.82675777,96.89668913,100.2231694,105.7747257,20.06543528,81.89782957,,109.8728232,107.9520469,19.48086394,108.6380381,101.3227554,97.44779109,114.4937101,95.50088289,99.83580348,91.14667337,,98.1277133,93.03261399,73.23478602,93.86856931,64.09734393,114.9998489
2022/10/28,77.55688983,78.39896607,79.68266516,99.68687254,73.95192784,107.6429498,99.90679059,51.21636753,80.32103554,82.65328754,92.70033335,19.37537668,71.17556254,,99.95507464,88.54309588,18.8225701,87.73504616,94.52551452,85.79428068,98.29370744,84.80854258,86.89666868,78.01381808,,89.026136,77.28918592,64.86420003,79.28766588,50.73097555,98.51847083
2022/10/29,81.31069411,78.1073288,100.1399104,99.59121875,69.9828887,110.5072671,89.98491784,28.05633589,77.83542042,82.01153066,97.73603968,18.99647589,91.64118234,,110.7277357,86.79213029,18.44202229,80.35505341,99.8663424,89.40737201,91.02157602,85.14828887,89.0359507,71.11469401,,91.45617053,64.77202426,69.41408172,74.96968579,45.31157374,93.11076629
2022/10/30,101.0136484,144.6973939,106.6637713,163.9465686,102.705337,161.8512025,132.745152,72.04194496,156.5173073,135.1297116,179.1128146,19.08080081,121.4377267,,129.5662943,125.0944141,18.5378324,110.348125,141.1420294,132.2224149,139.8894438,111.1172229,130.2186744,105.3648871,,147.0673391,94.9977999,90.01519903,107.2877949,85.03504881,130.9824228
2022/10/31,127.8180553,182.1487422,184.7520284,205.6928862,148.0986383,210.8900599,185.1087229,63.06043733,181.0430579,189.9741332,237.469902,19.43378369,148.4804834,,158.4622784,162.9514727,18.86964314,140.0605941,183.0430502,176.3790733,201.5426836,143.5122677,178.8828243,125.7991171,,184.8499113,127.9156985,107.2256297,138.3269064,127.1653131,176.599082
2022/11/1,114.288931,146.7587501,163.9741611,149.5131318,111.7099672,162.684925,161.6579328,50.50134504,123.7520063,139.2132234,142.689202,19.19201952,154.5788061,,137.1996684,144.7813999,18.6974511,115.6007691,143.2497353,127.4159331,137.0799096,126.7120811,144.4359404,116.637253,,121.1183002,106.7702475,94.12773466,113.9383322,99.53460489,153.0508999
2022/11/2,91.41338337,99.89483906,75.36645238,112.1269597,93.41373825,136.0261861,121.0364488,56.15970905,88.0512794,98.56030611,118.014371,19.09954257,104.0941546,,115.0233219,114.0112072,18.67016654,90.82400841,124.4875871,98.70573598,114.6915724,104.6854178,106.5623597,93.90427175,,109.3182928,89.42621493,80.60262483,98.79763495,74.16692856,115.8641442
2022/11/3,88.16005453,107.4196652,81.44029033,125.7010653,98.01509056,144.3666671,138.6184393,69.7789165,96.46144459,110.8430627,121.9080985,19.68486993,64.61936205,,114.8357083,125.6250832,19.10081017,105.7948107,118.4695114,106.396277,119.2936123,104.0916804,113.6849015,95.60433201,,104.6854244,96.984674,80.426069,99.75293043,77.96901769,118.7931473
2022/11/4,59.69547825,57.13195153,43.05249725,89.93021482,50.83588907,96.4876198,69.28672044,48.63072349,46.59774055,66.1185607,61.86860374,19.05245254,60.97110471,,85.6071823,64.1781437,18.39669354,67.5904527,68.01498227,66.60643017,63.00337055,64.12002365,69.37290718,48.09578106,,72.53547055,46.16213672,48.71867991,57.95343137,24.41747598,73.35674134
2022/11/5,64.30177303,58.80212006,45.71186948,74.33242897,58.86153288,87.81851245,74.88531013,44.40520732,44.43780576,65.11942679,71.61606894,18.32348993,102.1029984,,102.7940977,73.06534831,17.90453918,70.62459647,87.61458112,86.71266428,67.92077611,62.72778383,77.63410964,55.63023829,,58.04704797,48.231313,51.83172519,65.93604244,28.77312627,84.23384484
2022/11/6,63.35523895,73.70373746,92.66883874,81.53034648,71.26097049,98.20785268,76.53357053,40.53280505,54.51867728,72.06489006,69.18705326,18.70234198,137.586141,,97.95479293,70.30582964,18.10196586,73.71475566,101.4482262,99.19350918,138.6015412,69.20373702,87.3180109,59.91587808,,75.47873204,62.47198698,57.32970614,73.65282913,47.5966504,81.90099022
2022/11/7,106.3404696,150.7911105,148.3573599,167.1233906,134.1695824,164.656388,176.3703781,96.44574265,148.723384,152.3308491,173.4522328,19.26982613,137.5432458,,133.3297822,148.8257705,18.88105784,131.1538146,144.3688903,134.829227,179.625953,130.1442822,148.2855066,123.4139481,,137.636993,120.0666722,100.8773591,133.0687536,119.1887046,157.7171302
2022/11/8,106.4428168,128.1605272,157.2963771,149.1146562,122.6696622,164.7372708,171.5924412,106.9005441,128.8296712,133.4593689,148.6730986,19.32160549,136.0519184,,133.0544622,147.4793398,18.75979961,113.9741196,140.0433648,132.2713988,158.2197479,131.1548785,139.3092464,121.0558437,,133.2139309,112.8036842,97.65143572,132.4895695,109.8991364,151.3079314
2022/11/9,88.33646504,106.7816377,154.5347564,126.0392254,106.4916501,136.8109043,143.1856221,87.01924907,104.598315,109.5923217,127.1544425,19.51055401,156.3383524,,119.5744507,132.9204979,18.86816597,93.38866623,125.7595124,118.6091115,137.3180314,117.1311356,112.4134911,106.8763627,,114.0760451,100.6808042,83.63753275,113.7514878,92.39558752,131.1229946
2022/11/10,98.55477632,122.6270723,225.2295573,144.1420926,113.7427378,146.1514403,150.3941299,50.53384146,126.4315505,121.251382,146.2421893,19.66641282,171.4862383,,138.9260685,140.5172181,19.22771223,104.730835,132.5990865,137.1833367,148.2282254,122.4661922,123.7884326,121.543311,,122.0770799,106.457498,92.14105818,122.0614322,104.4081453,143.7579744
2022/11/11,103.9271403,133.3409129,286.2526503,160.9137187,121.5252329,151.0117279,156.3754659,21.865567,130.9202554,124.2744593,153.9376673,20.60897538,225.8059961,,143.8944009,146.4333471,20.02306105,109.3246437,137.1145447,149.0237168,152.7927371,123.7941064,118.8217802,127.0565904,,122.2521181,113.0389843,95.08447402,129.9501001,110.9419652,151.9179096
2022/11/12,61.62956602,110.959867,65.58212302,97.98033464,82.35895413,100.8176108,83.80321531,20.21029567,77.36577586,73.90121621,75.9199688,20.25406121,73.64442808,,86.10464769,91.99441286,19.59072002,93.69761348,94.42143636,117.6077665,99.57651679,74.58993013,77.60771667,81.47066364,,65.94949326,81.61709054,63.18052745,87.39200284,56.37319639,95.45832194
2022/11/13,29.71622233,49.1045115,23.5405953,60.33553694,32.7126159,60.17319295,43.89433735,20.9635864,29.159827,36.79460689,43.95269479,20.39211258,16.12963489,,45.97854207,34.89116575,19.55299197,45.30004465,52.774824,46.74532642,43.96285932,38.80536868,44.49003617,32.42865946,,37.633794,42.66668033,41.55684333,34.76904369,14.19592342,42.65361051
2022/11/14,38.16552303,52.14298597,55.47613368,67.63250185,35.14081311,54.9459706,44.22706699,21.76852567,28.4041829,41.09704456,45.60086368,19.06397113,110.2858416,,69.4971516,35.08285345,18.25586393,60.35462669,60.38039981,58.01797005,67.83826572,33.1879597,51.27342275,30.62336267,,38.18546611,38.615694,31.54919364,43.00784509,12.13489653,56.91140486
2022/11/15,61.56413424,86.15288211,73.3553823,101.5596771,81.30592914,102.9179956,102.7492744,21.3367721,63.38298577,75.54679162,152.5219575,19.34538735,149.1530621,,102.5351527,84.05108029,18.89681014,72.58436266,120.9675739,104.1632437,137.3813889,72.4933053,78.655762,71.80503368,,150.1792492,84.48243998,53.17696908,87.85093851,34.8620708,86.89894648
2022/11/16,51.75587347,80.05352997,52.83425097,98.65138894,83.27530656,106.3802646,120.4427796,19.87055602,62.33834252,69.72184326,100.2663004,19.00938084,111.0196829,,89.69180456,83.3936002,18.47127557,63.08816174,110.309649,89.19985105,107.7572595,79.97717141,76.93892811,70.71922724,,90.51728204,77.67065372,53.07877397,86.66330557,61.61338077,82.11949642
2022/11/17,76.42044445,72.61444292,77.20222373,128.9689866,74.7554316,112.5937633,107.7872594,22.01211239,81.69455264,96.9903178,181.2361356,19.19148693,137.05308,,99.18982781,97.92910822,18.6975958,84.28794688,98.45360468,90.26002169,95.48913124,83.04514192,96.01441906,76.63402224,,84.92096475,71.91525157,64.34635191,89.62361013,54.67187838,100.8567491
2022/11/18,55.02727978,54.18963527,148.9778818,93.98962389,54.58759351,95.51821863,64.48482114,21.33766926,50.00855123,58.09569674,69.07428684,20.67866166,,,82.19696451,58.24263163,20.05116904,67.07452528,67.45997667,63.01333952,64.9273914,61.39581633,60.32414853,50.18636364,,84.27359369,48.8757495,42.19657391,55.8201698,21.49730644,64.68501415
2022/11/19,99.47931728,143.7280129,121.8612909,156.6992036,124.8175446,152.6982912,150.3049231,20.71440551,149.2904803,124.9323348,148.049286,20.43526713,,,133.8576881,143.0470695,19.98949336,131.8335909,136.1886649,141.2847704,161.3803397,117.9988733,118.2179472,114.8590014,,147.1638109,112.487644,93.5462289,125.1985462,101.4124353,164.5049338
2022/11/20,85.57081688,109.7463148,99.73334868,138.6498205,110.2832887,134.9427479,134.2977392,21.41706467,110.5143289,102.3621317,131.3559941,20.16482728,,,107.0465235,120.5111598,19.50469339,94.26832705,130.6804877,119.6808291,131.0687897,105.8019858,100.9023115,101.0368241,,125.0391116,99.10325709,78.95851314,107.6054495,83.33155019,118.7681186
2022/11/21,84.99142615,134.4101638,168.6237236,141.2749232,107.5389954,156.7640499,153.1340778,20.14939709,117.6601289,122.7108892,154.072058,20.76972361,,,110.7842877,132.8883573,20.14817128,107.9692056,120.3080898,117.9058064,133.7036549,115.7618901,117.4641781,105.35743,,137.5007672,104.5259671,92.20021177,114.8980636,92.99898201,141.4822872
2022/11/22,73.26537847,133.4413236,118.6536744,124.6711441,114.8700507,142.2572048,152.9593615,17.39097572,109.5129104,109.2874188,116.5756342,20.98483757,,,105.1028668,134.1298073,20.32650724,109.6536819,124.78585,126.1424083,141.0894349,114.3439737,108.5790103,114.4454879,,106.1661626,114.4365265,85.4515408,123.0570438,96.87349139,131.5253299
2022/11/23,112.9411156,158.5988726,137.3521919,190.2260838,142.4716487,192.0058961,202.4278171,15.34735817,155.1933955,154.2036146,177.0911954,20.44751248,,,139.8537435,185.9526179,19.96501436,132.741272,171.3682927,165.2996077,,141.3226493,149.9368057,137.355412,,133.5449451,141.0441463,114.1588554,173.9178367,128.6112085,190.3071934
2022/11/24,90.33986412,143.3939686,114.1646704,149.9514086,127.984107,166.4328112,168.9393296,21.18834197,118.9602621,122.9035572,149.9029056,20.1198157,,,116.0213887,144.7404233,19.52631344,109.5866718,154.9434199,146.7164633,172.4173063,121.1315228,121.2198512,117.7128427,,114.9078741,125.0007275,95.40365315,135.3812021,102.1295497,145.8323716
2022/11/25,98.80280315,152.7693167,119.9228675,197.8042522,171.4718292,209.6495422,204.9668952,18.89983262,149.5484997,163.8443718,251.0283229,20.08602338,,,136.3571713,170.6778171,19.66764432,135.7741709,225.7780994,210.7758127,215.5177373,140.6939417,158.6224824,148.308557,,210.7187863,153.7923801,95.48802363,147.5110076,137.00725,147.4866727
2022/11/26,104.2252615,159.8054145,34.6842215,162.9765226,131.15161,196.4154503,200.0758722,11.11207629,151.9521714,145.2507452,164.6857994,20.87854163,,,125.164019,168.4392017,20.23298475,126.1684453,139.1204359,137.9783441,179.009607,145.2320333,143.9831275,143.4398139,,168.3022459,136.3997506,107.3136723,152.7684023,134.7649462,164.3787556
2022/11/27,79.83058686,141.9094016,,135.7250457,120.6150461,154.6336479,170.5772029,18.23656149,124.4185555,108.9154911,142.0450113,20.80155978,,,113.3177265,132.5715093,20.23713838,119.0585558,138.2602422,124.8252707,147.2023378,121.2887147,108.7234424,115.7965205,,123.2206213,123.0026371,83.10247885,126.9834477,99.70353761,134.7408735
2022/11/28,61.8888969,113.7356212,234.4869044,112.0038068,104.2577538,126.5538617,136.5266467,17.510037,98.53168438,97.0995727,100.7584635,20.51259317,,,111.3349774,119.0759613,19.85638172,99.13454219,108.5424047,115.188189,133.7162013,106.7325558,94.02973332,95.8881026,,84.466413,100.9278347,74.35899495,112.8409276,83.8016809,107.5608057
2022/11/29,,,,,,,,,,,,,,,,,,,,,,,,,,,,,,,
2022/11/30,,,,,,,,,,,,,,,,,,,,,,,,,,,,,,,
2022/12/1,23.44898954,,,29.131129,,,,,,,,,,,41.73236692,28.2418455,17.07627788,87.95675563,,,,,,14.539746,,,,,,,33.49982075
2022/12/2,16.44354854,,,15.80039,,,,,,,,18.157409,,,30.96468408,13.56669725,17.26933219,62.83126494,,14.27251338,,15.872483,33.780625,12.91042733,,,18.23374467,,,,
2022/12/3,34.48567214,29.26631988,,35.37849243,,57.90817733,20.71740238,21.04200349,24.74739943,,15.05512663,18.6041615,,,57.7491375,32.36957179,17.82380463,71.87345197,,34.44659246,,24.91349139,45.88169222,17.00960225,,21.88774175,30.35655688,25.27368661,33.2655428,12.10975975,
2022/12/4,,,,,,,,,,,,,,,,,,,,,,,,,,,,,,,
2022/12/5,31.7227152,30.89588721,,28.42700805,,,14.28442814,18.30507833,21.1504346,,,18.47458352,,114.9849744,55.92744466,42.93214183,17.5450722,93.45599378,,35.09745157,,30.55798925,46.26702011,13.8297591,96.24514064,16.7273055,29.00459982,24.32838638,25.46523842,,
2022/12/6,37.58456006,55.85855032,,55.84288244,,79.06140768,67.3336881,29.20890339,44.22777411,32.09128659,76.68429427,18.9562209,,104.8892991,56.28589486,40.54531882,18.32460347,83.10951775,196.7244916,51.57096416,,48.03046575,63.02468244,35.99667548,113.6798176,68.7189778,49.42560025,37.39248809,53.28794674,16.14327385,256.999362
2022/12/7,48.92354275,46.60459926,,59.39781706,,78.26004528,47.84037333,35.14757988,32.366247,,41.20872238,19.3513496,,105.6967699,64.28842572,45.26154289,18.58211321,93.12472393,206.9249577,41.27256513,,40.15144083,61.91755963,22.10129747,109.2976205,21.72935615,47.40354964,30.09351531,46.32757413,12.0655456,274.8369085
2022/12/8,47.90046243,54.17335085,,63.52857408,,86.51059098,75.73138599,33.79955443,54.77436525,,32.28301469,19.00021678,,119.2757393,65.39355018,75.17366177,18.55722877,137.7158035,152.5842472,65.50211693,,44.55437243,65.29067445,39.36681592,114.1641934,75.65712529,52.02588225,49.4563542,54.19346144,14.29028589,191.1717033
2022/12/9,106.636601,168.0785969,,159.1248257,,165.8969596,215.0473065,136.2082011,151.5082358,,164.4723591,19.36075264,,210.0939982,137.9904543,177.5664416,18.75338246,203.6702943,266.16933,156.2419994,,143.5024746,153.1874607,148.0024828,219.7226757,131.1258426,144.6650406,102.1290367,160.0005061,158.6751827,339.8078141
2022/12/10,116.5454739,,,110.2144285,,,,,,,,,,178.9407995,114.2810799,,18.1721415,155.4508163,217.508077,86.481863,,,,80.97337875,122.67948,,85.451087,60.6604845,,,279.7794413
2022/12/11,27.59944246,,,18.3279655,,,,,,,,,,52.96560414,27.82794992,,17.40903672,80.9454632,120.0145781,,,,,13.66472,,,,14.844342,15.489749,,140.1227616
2022/12/12,38.29701838,35.94721093,,38.31794757,,56.59079788,27.61852583,14.99614663,20.76548038,,16.31838194,17.81264975,,67.51512969,47.99441328,37.82147184,17.05888377,163.3630934,185.6231561,38.77501988,,29.52917098,41.98224907,22.92347783,65.92683229,19.43796763,31.28001071,22.23108789,37.15043331,,225.9237699
2022/12/13,16.58266506,18.30621068,,21.27748635,,31.1164605,16.34334064,12.97115808,14.54961758,,12.51427138,17.70656513,,44.20094556,30.56782569,16.21426384,16.96999139,92.82629225,153.243377,24.98953594,,15.03117461,42.11241404,14.26284462,25.99263857,13.50143739,18.72410423,16.26852117,19.64871878,17.02250274,174.1421531
2022/12/14,27.55280144,16.53388111,,26.41818994,,,11.17574258,13.227461,13.46010158,,,17.92910113,,53.98571625,45.94338225,15.15682264,17.0735072,74.965677,125.9294927,17.41927264,,16.57671892,43.54675452,12.85902769,16.44130725,13.80329425,14.77979633,15.36678233,29.56988235,,136.7764778
2022/12/15,32.34838325,54.84661675,,57.14123228,,,,,,,64.132178,18.583538,,78.54603856,57.8316985,56.1050685,,80.04690575,272.1022677,53.2030065,,,75.937244,39.79718125,68.3494845,,53.42986175,47.3532225,55.8799885,,322.7867579
2022/12/16,,,,,,,,,,,,,,,,,,,405.6978211,,,,,,,,,,,,526.947263
2022/12/17,12.96277275,,,,,,,,,,,,,,13.5913979,,,75.04102344,530.0540175,,,,,,,,,,,,654.0912436
2022/12/18,16.7576762,12.4440092,,14.0692285,,,17.15749738,11.62859192,11.57985013,,,17.53820256,,23.7494897,29.98988694,12.67077911,16.7105285,85.03618396,259.3029733,15.65205219,,12.60851892,19.31734494,14.24995158,13.55156146,12.515758,12.46128383,14.04523546,15.76945852,,320.7608029
2022/12/19,47.081735,27.30325014,,38.44898971,,47.9976665,13.46052769,16.50620869,20.76808354,,16.5713725,18.1902468,,89.75162075,65.42517169,27.39164421,17.2536928,93.54956104,476.0370941,32.92343244,,25.32692325,54.44870818,15.58764731,38.59370163,18.27247365,20.96991071,26.16086429,47.74568527,,560.5194411
2022/12/20,,,,,,,,,,,,,,,,,,,433.3761141,,,,,,,,,,,,529.4891403
2022/12/21,39.68919591,28.93707096,,37.60851706,,48.44442949,14.46589269,14.54455108,20.91822138,,13.86348381,18.02199318,,91.50470319,50.10785136,22.87774181,17.33675938,93.28965225,324.8510774,49.72233441,,29.85093267,57.90593232,21.88467614,59.8789695,20.11797213,29.00351196,25.21391992,39.02084381,11.14198075,431.8247595
2022/12/22,16.44777218,,,13.847984,,,,,,,,,,25.47789825,23.80389342,12.00688183,16.67537319,40.73461035,581.8038308,18.15974275,,,,11.64487213,,,,,,,696.185894
2022/12/23,39.76374029,16.588564,,32.17404197,,,12.90883275,13.54738288,14.23621975,,,17.80777583,,66.90463686,56.69995204,15.43716969,16.87970035,56.11316592,397.727933,25.94564036,,18.20385038,45.1870169,13.79778642,19.80592799,20.42246167,15.58586156,15.58150866,27.3273132,,516.8123157
2022/12/24,39.81742192,,,30.2305655,,,,,,,,17.610361,,31.04212596,83.5696715,12.53164067,16.68127347,42.29111921,273.5314884,24.791051,,14.006894,,11.92598258,13.849441,,,,14.50321467,,339.8512461
2022/12/25,20.30215788,13.95176975,,,,,,,,,,17.674734,,33.39768431,90.12354713,,,53.99015244,243.1392433,23.3748885,,,,,15.65465346,,,14.301286,,,273.2638199
2022/12/26,,,,,,,,,,,,,,,72.67369975,,,91.853502,245.9931857,,,,,,,,,,,,294.2594055
2022/12/27,,,,,,,,,,,,,,,,,,,309.7780206,,,,,,,,,,,,395.9873204
2022/12/28,103.9673757,,,,,,,,,,,,,184.4599891,121.8316116,115.0018169,17.70171228,191.5412488,258.4387962,105.506433,,94.522905,,65.919164,,,,,91.324976,,316.7440818
2022/12/29,117.1452416,,,137.2791149,,,,,,,,18.67889833,,186.9254026,122.3212922,154.3164691,17.76913825,177.7310143,250.5904834,122.3905065,,,,116.3808259,,,,,142.9642253,,297.6522066
2022/12/30,74.52874482,72.0635995,,72.50428285,,,71.67904308,21.588142,39.90203338,,,18.5405934,,116.8575734,91.3819815,73.84190158,17.66426655,138.8247905,217.6655658,72.2368125,,77.17781444,89.27391038,45.93762956,88.231355,35.68912908,64.99336439,,63.7259176,,251.6264701
2022/12/31,55.07298082,73.41641375,,86.60235036,,100.5017966,90.60010113,47.75656214,65.87012989,,61.70980542,18.33735261,,131.9174338,81.59851881,79.79295332,17.54036013,134.5892658,238.7689838,92.90309104,,76.05777415,97.03247793,58.30462555,127.4123346,74.1377199,84.50160037,,82.62184038,18.90808292,274.9842323
2023年1月1日,237,209,361,285,,409,354,100,201,,237,62,,348,222,61,265,239,,,527,297,326,171,370,182,,,240,163,270
2023年1月2日,276,286,357,357,,304,352,147,261,,216,76,,497,262,54,255,281,,,336,256,362,207,326,199,,,271,132,299
2023年1月3日,304,346,418,401,,399,310,192,253,,241,67,,454,340,61,403,459,,,424,301,447,235,416,223,,,299,113,389
2023年1月4日,269,317,444,323,,338,396,191,278,,249,72,,545,391,72,427,489,,,496,347,401,243,458,264,,,334,117,275
2023年1月5日,432,539,663,646,,493,928,635,433,,441,63,,798,526,61,654,550,,,886,429,584,505,700,405,,,553,334,339
2023年1月6日,288,236,353,382,,323,282,181,241,,175,61,,414,252,65,323,549,,,324,238,316,242,443,223,,,296,74,271
2023年1月7日,295,313,444,390,,486,477,227,292,,279,69,,496,345,70,367,365,,,468,341,393,246,497,303,,,358,158,219
2023年1月8日,364,395,571,595,,518,518,311,427,,323,67,,606,381,65,428,610,,,491,361,458,328,530,378,,,448,223,
2023年1月9日,377,545,623,586,,644,632,430,463,,535,74,,706,473,59,635,588,,,669,508,582,478,624,451,29,,539,408,
2023年1月10日,116,,,,,,,,,,,,,180,46,,,300,,,,,,,,,896,,,,
2023年1月11日,316,331,415,378,,430,383,142,197,,224,77,,541,333,62,426,380,,,396,287,414,223,456,227,916,,358,87,
2023年1月12日,,,,,,,,,,,,,,,,,,,,,,,,,,,,,,,
2023年1月13日,,,,,,,,,,,,,,,,,,,,,,,,,,,,,,,
2023年1月14日,,,,,,,,,,,,,,,,,,,,,,,,,,,,,,,
2023年1月15日,56,,,,,,,,,,,,,,86,,,,,,,,,,,,,,,,
2023年1月16日,153,,,,,,,,,,,,,240,156,52,60,504,,,,,,,,,,,,,
2023年1月17日,110,,,53,,,,,,,,36,,195,87,46,113,471,,,,30,,39,74,,,,,,
2023年1月18日,53,50,68,49,,,37,31,30,,,54,,135,65,60,43,365,,,,49,87,39,95,53,,,52,,
2023年1月19日,219,50,82,73,,205,80,45,48,,50,68,,138,73,65,62,403,,,40,52,103,69,131,57,,,72,52,
2023年1月20日,195,,85,145,,,,,,,,37,,226,128,64,32,220,,,,46,102,62,47,,,,86,,
2023年1月21日,166,173,258,213,,294,170,77,140,,131,75,,340,212,58,174,258,,,235,185,254,132,228,114,,,208,50,
2023年1月22日,252,287,404,414,,324,317,147,216,,228,61,,488,324,53,380,360,,,386,241,324,283,392,205,,,279,,
2023年1月23日,179,,,190,,,,,,,,,,232,170,35,77,332,,,,,,63,95,,,,,,
2023年1月24日,40,,,,,,,,,,,,,,41,33,,87,,,,,,,,,,,,,
2023年1月25日,,,,,,,,,,,,,,,,,,,,,,,,,,,,,,,
2023年1月26日,,,,,,,,,,,,,,,,,,,,,,,,,,,,,,,
2023年1月27日,50,31,35,36,,,,,,,,48,,96,65,56,39,326,,,,26,37,31,38,,,,27,,
2023年1月28日,69,46,32,48,,34,60,24,34,,,55,,67,85,50,42,303,,,22,48,60,41,42,25,,,54,,
2023年1月29日,135,48,54,61,,92,61,48,41,,56,63,,127,148,61,53,404,,,63,52,117,59,44,50,,,93,62,
2023年1月30日,178,134,230,170,,271,74,70,100,,53,65,,335,259,57,163,357,,,195,190,336,75,146,113,,,185,46,
2023年1月31日,,,,,,,,,,,,,,,,,,,,,,,,,,,,,,,
2023年2月1日,,,,,,,,,,,,,,101,51,56,44,214,,,39,38,71,37,49,38,175,373,41,54,
2023年2月2日,165,124,146,358,,177,102,,88,,140,178,,,,,,,,,,,,,,,,,,,
2023年2月3日,68,44,84,69,,84,41,,32,,13,58,,218,109,61,49,230,,,211,49,100,38,54,44,188,402,55,50,
2023年2月4日,193,88,164,134,,239,74,,52,,48,64,,268,178,72,89,285,,,266,116,181,72,174,61,293,271,112,37,
2023年2月5日,262,222,353,498,,389,286,,190,,140,74,,437,301,60,255,301,,,426,228,333,173,338,146,478,318,257,66,
2023年2月6日,282,299,447,513,,380,367,,307,,253,73,,509,337,67,361,402,,,459,291,394,234,429,289,499,878,310,141,
2023年2月7日,302,348,456,548,,440,396,,309,,320,69,,489,328,69,314,408,,,481,291,390,308,416,290,482,853,316,162,
2023年2月8日,357,371,488,576,,482,488,,356,,314,70,,533,360,64,372,452,,,502,324,431,357,459,301,543,"1,067",353,196,
2023年2月9日,,,,,,,,,,,,,,,,,,,,,,,,,,,,210,,,
2023年2月10日,,,,,,,,,,,,,,,,,,,,,,,,,,,,,,,
2023年2月11日,187,,70,,,,,,,,,20,,,,,,,,,,,,56,,,,,,,
2023年2月12日,,,,,,,,,,,,,,,,,,,,,,,,,,,,,,,
2023年2月13日,120,,34,110,,,,,,,,19,,120,96,47,,,,,,,40,23,47,,,,,,
2023年2月14日,101,72,126,131,,142,38,,31,,50,59,,264,202,53,107,596,,,139,94,101,52,127,,210,,57,11,
2023年2月15日,156,131,246,196,,207,202,,83,,61,63,,352,183,62,159,417,,,218,117,215,70,242,64,328,,123,29,
2023年2月16日,86,109,187,194,,230,150,,50,,100,64,,215,118,67,93,246,,,228,147,185,65,221,70,285,,126,46,
2023年2月17日,168,172,283,275,,318,235,,94,,159,71,,336,225,73,198,301,,,282,208,253,131,307,137,373,,200,60,
2023年2月18日,198,339,361,364,,376,336,,268,,273,62,,383,211,73,239,479,,,375,245,288,261,418,271,548,,299,179,
2023年2月19日,122,91,169,126,,186,99,,72,,69,62,,205,157,65,89,407,,,207,105,170,66,150,89,207,,156,54,
2023年2月20日,218,130,272,221,,319,121,,146,,144,69,,278,223,67,146,316,,,234,185,268,98,199,138,282,,184,42,
2023年2月21日,103,49,66,58,,102,38,186,44,,41,71,,112,147,58,51,135,,,59,53,78,42,49,45,83,290,54,61,
2023年2月22日,,,,,,,,,,,,,,,,,,,,,,,,,,,,,,,
2023年2月23日,82,112,150,137,,237,108,36,49,,117,58,,183,134,53,106,180,,,213,139,131,57,155,66,253,139,97,49,
2023年2月24日,159,193,242,202,,265,176,71,85,,104,70,,302,196,66,167,319,,,252,148,181,85,252,141,276,176,148,46,
2023年2月25日,221,295,257,235,,258,217,71,123,,146,65,,314,226,65,156,215,,,266,183,213,152,285,150,302,228,198,49,
2023年2月26日,107,110,90,69,,143,50,63,46,,45,67,,182,157,62,45,233,,,144,82,122,46,104,50,217,117,65,64,
2023年2月27日,185,103,199,149,,230,92,64,66,,83,63,,220,198,65,112,227,,,242,143,219,70,146,80,264,168,179,47,
2023年2月28日,,,,,,,,,,,,,,,,,,,,,,,,,,,,,,,
2023年3月1日,201,196,304,274,,305,158,65,138,,203,65,,298,247,66,231,416,,,291,206,291,169,203,233,318,251,198,70,
2023年3月2日,180,185,258,194,,285,168,85,123,,146,68,,272,287,66,183,299,,,335,251,289,139,264,132,364,261,227,81,
2023年3月3日,176,200,275,201,,308,154,77,132,,214,72,,290,243,69,230,341,,,396,270,306,167,258,191,383,215,259,95,
2023年3月4日,307,293,572,354,,416,270,70,248,,354,65,,385,671,67,340,524,,,553,336,395,228,437,294,452,329,324,191,
2023年3月5日,265,264,424,311,,349,292,78,219,,293,66,,352,469,68,338,361,,,444,343,382,244,382,254,474,320,281,233,
2023年3月6日,233,285,434,315,,357,299,78,227,,288,,,,376,72,290,389,,,381,301,423,252,346,259,422,266,290,230,
2023年3月7日,285,340,517,411,,445,299,79,293,,335,,,,424,71,353,438,,,477,310,463,265,364,289,433,289,336,250,
2023年3月8日,422,457,601,410,,500,372,79,386,,444,,,,473,71,459,556,,,569,408,522,389,478,379,544,369,394,334,
2023年3月9日,329,395,552,,,444,340,121,321,,432,,,,540,71,411,513,,,567,373,483,395,418,333,499,355,380,304,
2023年3月10日,245,347,611,,,401,313,78,285,,367,,,,433,72,402,459,,,552,374,447,,399,301,459,302,371,313,
2023年3月11日,153,269,297,,,287,218,106,177,,221,,,,244,71,225,363,,,360,224,312,,249,183,297,189,211,148,
2023年3月12日,103,145,88,,,116,56,48,45,,67,,,,152,62,92,244,,,133,95,174,,58,68,153,164,86,65,
2023年3月13日,132,203,197,,,224,61,67,65,,155,,,,258,65,195,349,,,354,198,366,,132,145,314,148,199,70,
2023年3月14日,180,310,306,,,314,172,68,155,,290,,,"1,018",319,68,293,320,,,434,342,407,,278,249,427,254,264,192,
2023年3月15日,129,192,186,,,227,124,75,105,,123,,,212,204,69,157,256,,,250,183,267,,144,116,240,134,144,83,
2023年3月16日,15,60,30,,,89,23,40,40,,28,,,,,35,29,88,,,50,,161,,,45,55,,,19,
2023年3月17日,,,,,,,,,,,,,,,,,,,,,,,,,,,,,,,
2023年3月18日,142,70,140,,,227,91,51,53,,59,,,170,166,67,47,253,,,156,100,134,,130,113,179,86,82,38,
2023年3月19日,205,261,361,,,376,296,85,191,,276,,,372,270,76,249,353,,,417,271,286,,384,218,375,225,256,144,
2023年3月20日,289,391,487,,,537,471,77,315,,430,,,579,312,73,394,351,,,518,347,374,,528,332,460,288,362,237,
2023年3月21日,304,438,596,"1,321",,602,556,71,405,,463,204,,537,392,79,484,430,,,582,422,429,,582,402,539,354,425,300,
2023年3月22日,386,658,782,656,,705,788,54,587,,643,81,,681,513,79,637,551,,,786,525,553,,743,533,713,462,548,455,
2023年3月23日,199,285,385,339,,378,344,75,249,,281,75,,374,238,73,275,359,,,426,245,318,"1,374",316,270,354,218,266,141,
2023年3月24日,100,93,183,146,,219,68,78,69,,114,63,,131,133,71,74,173,,,215,129,194,91,106,90,156,109,125,48,
2023年3月25日,111,186,225,203,,275,96,84,88,,152,66,,212,214,64,148,238,,,355,193,256,114,178,110,294,160,195,61,
2023年3月26日,225,262,358,307,,409,201,112,212,,254,66,,377,288,72,258,426,,,420,252,344,157,292,185,366,235,236,83,
2023年3月27日,162,250,290,253,,315,210,76,169,,229,72,,288,237,70,249,349,,,487,266,357,204,289,175,370,198,243,148,
2023年3月28日,158,225,336,219,,322,229,73,147,,202,68,,277,267,68,250,272,,,379,312,311,222,326,171,406,239,261,171,
2023年3月29日,243,254,382,,,385,220,73,190,,280,64,,322,330,68,285,292,,,328,329,375,257,320,232,341,212,255,137,
2023年3月30日,265,276,411,,,387,256,79,221,,301,,,360,358,71,291,305,,,384,321,353,285,361,238,344,237,275,158,
2023年3月31日,,,,,,,,,,,,,,,,,,,,,,,,,,,,,,,
2023年4月1日,248,299,427,,,423,329,81,259,,319,,,398,292,74,323,292,,,432,350,359,306,420,256,394,248,300,240,
2023年4月2日,264,288,440,,,391,304,80,265,,319,,,393,303,74,304,301,,,411,335,356,299,383,259,374,254,301,192,
2023年4月3日,197,201,363,,,333,194,87,158,,168,,,322,240,81,238,248,,,305,239,244,194,268,191,295,192,220,69,
2023年4月4日,100,185,263,,,240,143,82,106,,105,,,268,185,78,195,309,,,253,181,197,145,216,118,283,169,165,58,
2023年4月5日,169,272,355,,,317,227,134,212,,247,,,354,233,71,196,419,,,311,215,257,186,310,234,327,221,179,100,
2023年4月6日,183,274,287,,,289,192,152,152,,208,,,248,180,73,142,346,,,292,181,243,171,245,177,286,190,167,68,
2023年4月7日,179,249,331,,,319,168,101,163,,210,,,257,282,69,203,320,,,340,233,284,193,271,180,294,243,218,94,
2023年4月8日,154,196,288,,,245,149,74,122,,178,,,233,240,72,177,248,,,379,260,267,156,231,174,338,189,185,121,
2023年4月9日,145,216,282,,,259,147,73,163,,196,,,244,236,71,199,269,,,524,306,341,179,223,164,340,191,210,160,
2023年4月10日,177,306,420,,,340,231,80,228,,265,,,343,305,72,310,323,,,486,367,408,253,313,224,434,239,271,245,
2023年4月11日,254,364,427,,,443,218,78,284,,321,,,361,352,70,333,355,,,358,370,429,315,302,282,406,280,297,205,
2023年4月12日,212,291,382,,,368,221,101,235,,287,,,336,298,71,287,251,,,348,340,399,268,319,247,382,235,275,174,
2023年4月13日,287,445,566,,,497,442,82,395,,444,,,508,374,72,440,350,,,504,442,454,402,503,374,495,301,394,337,
2023年4月14日,302,520,588,,,512,472,72,460,,497,,,535,396,74,479,440,,,549,448,470,423,528,379,532,373,427,397,
2023年4月15日,315,416,452,,,406,310,165,350,,434,,,392,359,74,331,507,,,520,395,438,343,426,320,469,347,361,312,
2023年4月16日,252,261,410,,,351,191,107,253,,309,,,346,335,69,262,298,,,318,364,400,330,316,258,362,252,271,189,
2023年4月17日,466,510,630,,,363,457,73,463,,519,,,601,446,72,481,471,,,622,521,522,500,580,407,593,526,466,490,
2023年4月18日,413,649,757,,,618,629,82,587,,857,,,691,488,73,629,533,,,672,570,567,541,690,487,648,486,511,559,
2023年4月19日,349,459,606,,,540,473,70,445,,811,,,544,437,72,468,412,,,543,492,485,368,544,408,524,371,438,421,
2023年4月20日,372,561,706,,,561,597,72,531,,572,,,629,468,74,558,477,,,621,546,526,,649,438,607,417,513,530,
2023年4月21日,103,189,253,,,254,175,128,117,,144,,,235,178,73,135,220,,,219,171,210,,195,167,212,118,134,73,
2023年4月22日,64,122,128,,,202,80,88,96,,79,,,117,94,64,83,134,,,126,85,144,,83,70,133,83,120,58,
2023年4月23日,93,,70,,,,,,,,,,,,,41,,75,,,,,,,,,,,,,
2023年4月24日,159,253,369,,,453,248,134,160,,204,,,287,221,77,171,290,,,276,204,214,,220,231,271,166,196,64,
2023年4月25日,409,423,464,,,491,413,347,388,,409,,,422,279,73,298,501,,,439,312,376,,487,312,440,278,322,285,
2023年4月26日,216,287,406,,,382,294,170,242,,292,,,316,281,73,264,341,,,431,324,339,,338,220,398,229,292,248,
2023年4月27日,166,257,300,,,340,182,111,175,,220,,,276,234,73,192,263,,,362,305,325,,260,174,385,191,228,190,
2023年4月28日,196,366,398,,,376,321,255,302,,299,,,389,261,74,274,390,,,421,307,353,,375,258,417,231,275,249,
2023年4月29日,148,233,228,,,240,75,115,171,,200,,,191,215,68,164,348,,,426,248,300,,165,176,345,219,255,124,
2023年4月30日,,,,,,,,,,,,,,,,,,,,,,,,,,,,,,,
2023年5月1日,248,345,391,,,398,192,105,267,,331,,,349,304,70,273,302,,,399,439,446,,392,257,539,260,302,291,
2023年5月2日,227,332,382,,,394,238,112,261,,316,,,371,288,70,272,268,,,426,403,421,,405,254,483,261,292,295,
2023年5月3日,383,525,735,,,636,566,79,556,,568,,,656,422,78,522,433,,,654,527,492,,659,480,599,412,525,529,
2023年5月4日,359,601,780,,,660,640,87,608,,638,,,711,470,76,623,554,,,702,564,482,,694,492,678,458,579,588,
2023年5月5日,290,473,602,,,516,516,81,454,,500,,,525,393,74,460,480,,,532,436,410,,542,398,533,345,415,410,
2023年5月6日,140,252,335,,,326,286,215,212,,218,,,293,227,75,205,300,,,260,239,272,,267,228,305,168,190,116,
2023年5月7日,190,269,361,,,325,182,166,231,,266,,,255,251,71,205,303,,,213,301,340,,202,217,295,208,222,129,
2023年5月8日,252,295,385,,,366,227,162,244,,300,,,335,308,70,242,276,,,282,368,367,,300,260,339,245,285,204,
2023年5月9日,255,278,418,,,369,242,174,229,,342,,,321,334,71,254,258,,,321,377,394,,404,293,360,283,295,195,
2023年5月10日,224,341,428,,,412,282,227,268,,305,,,387,270,74,247,336,,,384,324,353,,400,284,356,240,268,189,
2023年5月11日,263,402,391,,,389,259,214,306,,316,,,384,261,71,236,415,,,479,323,373,,425,259,406,257,308,213,
2023年5月12日,200,370,408,,,363,287,176,300,,362,,,405,302,72,319,362,,,665,413,430,,385,276,472,296,363,326,
2023年5月13日,320,506,545,,,447,337,370,433,,480,,,476,378,76,422,470,,,564,513,520,,519,380,562,376,456,461,
2023年5月14日,270,468,555,,,468,349,329,432,,509,,,498,371,74,413,445,,,516,558,543,,481,376,590,372,440,491,
2023年5月15日,269,474,545,,,501,356,371,415,,508,,,520,367,72,439,399,,,550,581,546,,497,394,620,379,424,539,
2023年5月16日,255,436,510,,,494,442,313,389,,457,,,505,350,71,430,370,,,602,505,495,,510,360,566,340,397,507,
2023年5月17日,277,447,503,,,445,338,317,382,,429,,,477,337,72,374,387,,,416,474,451,,472,339,468,343,376,408,
2023年5月18日,355,526,633,,,536,476,421,473,,532,,,585,380,72,452,464,,,517,485,492,,570,398,518,359,425,466,
2023年5月19日,311,442,566,,,490,424,299,405,,479,,,467,346,72,401,389,,,442,510,449,,516,344,563,365,400,473,
2023年5月20日,332,,592,,,535,368,392,454,,527,,,558,375,71,443,417,,,437,579,598,,493,387,620,394,430,565,
2023年5月21日,142,,402,,,377,246,200,235,,273,,,721,225,74,258,291,,,333,324,315,,332,218,373,212,234,209,
2023年5月22日,209,,468,,,394,260,272,327,,367,,,366,247,73,278,313,,,371,345,368,,387,276,415,275,291,248,
2023年5月23日,249,,454,,,474,278,,330,,402,,,458,311,71,336,338,,,440,427,484,,447,299,487,298,337,334,
2023年5月24日,189,,414,,,397,335,,247,,291,,,389,238,75,260,260,,,413,351,327,,408,248,379,254,289,257,
2023年5月25日,218,,489,,,426,387,,324,,366,,,426,270,72,317,315,,,460,364,343,,482,287,453,272,330,333,
2023年5月26日,352,,943,,,619,639,,523,,568,,,634,403,77,533,421,,,684,512,456,,659,498,591,405,518,526,
2023年5月27日,448,,889,,,726,708,,687,,694,,,766,459,79,666,553,,,736,595,537,,747,573,664,488,600,662,
2023年5月28日,95,,649,,,518,495,,454,,469,,,548,327,76,457,425,,,528,425,367,,537,381,524,350,433,404,
2023年5月29日,80,,678,,,568,606,,530,,543,,,601,389,76,524,610,,,579,479,411,,598,468,566,379,480,492,
2023年5月30日,383,,873,,,650,666,,607,,666,,,662,447,76,610,525,,,633,540,486,,678,530,610,440,540,583,
2023年5月31日,,,,,,,,,,,,,,,,,,,,,,,,,,,,,,,
2023年6月1日,"1,059",,715,,,611,492,,619,,640,,,609,439,70,545,549,,,559,574,525,,555,477,638,505,552,558,
2023年6月2日,588,,540,,,470,390,,389,,430,,,501,335,72,410,487,,,488,447,,,458,342,506,358,410,392,
2023年6月3日,467,,562,,,500,465,,451,,491,,,563,349,76,430,457,,,546,418,,,554,387,517,390,426,428,
2023年6月4日,344,,459,,,413,291,,292,,314,,,413,262,80,296,304,,,391,305,,,381,298,376,297,294,233,
2023年6月5日,401,,550,,,465,440,,410,,436,,,512,316,76,388,377,,,543,379,,,516,400,463,339,395,386,
2023年6月6日,549,,531,,,440,351,,381,,462,,,402,353,72,357,396,,,576,473,,,400,364,490,364,427,411,
2023年6月7日,468,,519,,,,345,,411,,469,,,491,342,71,366,390,,,545,503,,,429,374,550,358,430,486,
2023年6月8日,548,"2,805",625,,,,344,,503,,641,,,510,545,69,481,482,,,548,652,,,535,470,671,554,504,516,
2023年6月9日,,771,722,,,,308,,674,,833,,,796,617,67,621,580,,,672,854,,,664,594,950,748,688,708,
2023年6月10日,,732,649,,,,210,,630,,797,,,802,564,67,634,532,,,561,830,,,726,572,939,618,612,705,
2023年6月11日,,684,633,,,,306,,609,,755,,,828,612,67,596,461,,,691,776,,,869,618,887,579,585,734,
2023年6月12日,,520,582,,,,337,,510,,612,,,673,442,70,501,399,,,566,626,,,687,486,632,474,469,601,
2023年6月13日,,568,633,,,,409,,541,,608,,,672,435,71,497,422,,,654,577,,,694,469,651,451,473,596,
2023年6月14日,,691,709,,,,315,,605,,753,,,750,445,69,581,504,,,666,710,,,759,510,817,586,607,666,
2023年6月15日,,668,683,,,,338,,576,,752,,,774,442,68,534,431,,,857,761,,,776,543,837,537,593,,
2023年6月16日,,572,668,,,,531,,564,,651,,,688,427,71,536,392,,,773,604,,,821,528,693,538,532,,
2023年6月17日,,448,707,,,,583,,492,,536,,,612,350,76,403,442,,,572,450,,,594,443,498,423,422,,
2023年6月18日,,428,722,,,,422,,505,,524,,,563,352,78,427,447,,,515,433,,,550,482,465,395,424,,
2023年6月19日,,497,713,,,,506,,548,,583,,,587,358,74,481,471,,,541,456,,,620,479,540,410,440,,
2023年6月20日,,601,780,,,,518,,584,,701,,,651,450,72,553,481,,,613,601,,,688,543,650,487,544,,
2023年6月21日,,718,514,,,,718,,668,,746,,,765,467,71,598,381,,,790,606,,,767,579,672,487,597,,
2023年6月22日,,710,267,,,,541,,588,,782,,,708,513,70,585,354,,,676,666,,,718,548,707,494,631,,
2023年6月23日,,639,171,,,,355,,525,,658,,,642,492,68,491,290,,,480,664,,,645,449,634,471,553,,
2023年6月24日,,582,819,,,,339,,,,662,,,614,543,68,442,238,,,472,636,,,647,469,621,461,476,,
2023年6月25日,,482,,,,,503,,,,526,,,555,375,74,406,227,,,546,449,,,596,446,485,351,442,,
2023年6月26日,,497,395,,,,395,,,,560,,,381,378,71,406,284,,,559,522,,,577,419,566,397,479,,
2023年6月27日,,520,386,,,,387,,,,578,,,,511,70,429,291,,,646,584,,,569,422,634,421,470,,
2023年6月28日,,450,781,,,,421,,,,500,,,,364,69,367,272,,,583,466,,,533,389,516,368,411,,
2023年6月29日,,485,,,,,527,,,,514,,,,339,75,412,326,,,694,417,,,598,407,519,380,481,,
2023年6月30日,,,,,,,,,,,,,,,,,,,,,,,,,,,,,,,
2023年7月1日,,525,138,,,,421,,,,590,,,,412,70,440,279,,,595,546,,,605,421,547,435,520,,
2023年7月2日,,527,"2,624",,,,590,,,,570,,,,393,74,479,278,,,642,464,,,666,455,533,392,553,,
2023年7月3日,,144,,,,,,,,,586,,,,389,,485,337,,,593,460,,,641,464,498,405,"2,361",,
2023年7月4日,,64,130,,,,207,,,,472,,,,338,424,350,346,,,493,383,,,519,372,432,358,558,,
2023年7月5日,,64,"1,037",,,,750,,,,532,,,,383,315,393,337,,,589,509,,,476,400,538,391,"1,143",,
2023年7月6日,,66,101,,,,72,,,,541,,,,379,"1,340",439,314,,,659,462,,,589,417,535,365,640,,
2023年7月7日,,64,95,,,,69,,,,546,,,,370,464,380,347,,,547,501,,,482,386,517,384,294,,
2023年7月8日,,65,677,,,,106,,,,672,,,,444,623,485,383,,,682,161,,,633,482,626,431,"1,027",,
2023年7月9日,,66,461,,,,246,,,,663,,,,418,575,461,388,,,690,213,,,622,477,616,382,"1,130",,
2023年7月10日,,66,738,,,,151,,,,578,,,,399,736,441,342,,,650,280,,,581,429,557,326,874,,
2023年7月11日,,64,128,,,,69,,,,574,,,,415,268,424,339,,,553,277,,,583,411,573,362,290,,
2023年7月12日,,66,357,,,,93,,,,545,,,,410,450,446,295,,,574,177,,,611,418,522,302,378,,
2023年7月13日,,68,471,,,,365,,,,517,,,,395,429,453,274,,,514,216,,,589,427,"1,688",274,"1,212",,
2023年7月14日,,62,73,,,,68,,,,446,,,,348,70,272,346,,,325,623,,,462,330,975,360,106,,
2023年7月15日,,129,70,,,,68,,,,576,,,,439,69,402,295,,,487,767,,,616,406,511,390,73,,
2023年7月16日,,93,114,,,,70,,,,618,,,,435,69,430,316,,,463,838,,,637,442,596,452,151,,
2023年7月17日,,178,70,,,,69,,,,596,,,,403,70,397,276,,,411,705,,,616,436,450,394,112,,
2023年7月18日,,168,224,,,,73,,,,507,,,,373,78,406,267,,,441,500,,,582,402,421,331,290,,
2023年7月19日,,67,967,,,,258,,,,462,,,,341,433,375,255,,,442,380,,,523,349,419,273,623,,
2023年7月20日,,227,"1,256",,,,162,,,,411,,,,312,650,342,254,,,393,378,,,493,308,425,297,752,,
2023年7月21日,,70,"1,095",,,,623,,,,476,,,,344,"1,361",417,271,,,494,414,,,562,354,"1,732",331,"1,647",,
2023年7月22日,,243,750,,,,170,,,,465,,,,312,743,378,308,,,466,409,,,488,344,886,327,949,,
2023年7月23日,,235,520,,,,199,,,,541,,,,352,815,413,330,,,580,500,,,528,388,"1,509",370,631,,
2023年7月24日,,226,649,,,,105,,,,566,,,,380,282,451,316,,,523,558,,,586,401,"1,247",395,428,,
2023年7月25日,,266,271,,,,74,,,,492,,,,326,175,422,263,,,484,404,,,566,390,"1,434",295,350,,
2023年7月26日,,302,751,,,,71,,,,447,,,,307,145,359,247,,,397,368,,,492,339,"1,339",285,421,,
2023年7月27日,,289,915,,,,79,,,,445,,,,301,151,335,264,,,383,361,,,464,349,"1,822",302,385,,
2023年7月28日,,227,882,,,,105,,,,383,,,,284,366,295,226,,,343,307,,,416,305,"1,860",266,525,,
2023年7月29日,,69,765,,,,"1,882",,,,335,,,,273,657,275,229,,,277,102,,,396,290,,231,"2,894",,
2023年7月30日,,116,361,,,,110,,,,395,,,,285,493,326,286,,,381,287,,,420,288,485,349,682,,
2023年7月31日,,,,,,,,,,,,,,,,,,,,,,,,,,,,,,,
2023年8月1日,,436,516,,,,608,,,,445,,,,302,274,355,277,,,374,416,,,463,324,522,574,762,,
2023年8月2日,,486,656,,,,400,,,,463,,,,325,73,371,278,,,395,445,,,502,333,497,604,411,,
2023年8月3日,,422,240,,,,245,,,,505,,,,367,72,410,334,,,482,505,,,548,364,454,738,289,,
2023年8月4日,,185,79,,,,89,,,,533,,,,357,71,425,373,,,545,501,,,536,372,621,724,178,,
2023年8月5日,,160,87,,,,75,,,,530,,,,354,72,433,386,,,541,461,,,553,383,882,669,244,,
2023年8月6日,,350,798,,,,324,,,,464,,,,313,72,396,351,,,395,339,,,486,328,469,424,618,,
2023年8月7日,,232,87,,,,71,,,,462,,,,339,70,382,276,,,387,346,,,469,348,317,473,190,,
2023年8月8日,,233,72,,,,70,,,,494,,,,392,69,408,325,,,418,375,,,522,367,"1,070",544,73,,
2023年8月9日,,253,73,,,,69,,,,529,,,,379,70,425,375,,,426,376,,,543,379,"1,032",559,95,,
2023年8月10日,,316,73,,,,69,,,,631,,,,387,71,507,390,,,513,402,,,621,415,"1,390",559,87,,
2023年8月11日,,243,90,,,,73,,,,577,,,,386,71,486,402,,,647,430,,,622,400,769,539,102,,
2023年8月12日,,279,242,,,,75,,,,448,,,,319,73,377,335,,,480,316,,,494,321,"1,252",505,190,,
2023年8月13日,,353,368,,,,984,,,,399,,,,283,81,340,327,,,364,273,,,442,286,281,366,967,,
2023年8月14日,,357,131,,,,70,,,,491,,,,372,71,410,352,,,422,355,,,519,354,608,494,124,,
2023年8月15日,,287,72,,,,71,,,,539,,,,385,71,452,338,,,449,363,,,563,376,976,470,79,,
2023年8月16日,,373,187,,,,86,,,,592,,,,405,71,470,368,,,619,410,,,646,410,364,551,123,,
2023年8月17日,,273,71,,,,69,,,,578,,,,378,70,450,412,,,606,420,,,600,390,455,530,74,,
2023年8月18日,,357,289,,,,361,,,,619,,,,389,72,547,324,,,599,425,,,728,466,660,508,107,,
2023年8月19日,,292,933,,,,748,,,,516,,,,386,71,432,351,,,430,361,,,583,382,133,490,170,,
2023年8月20日,,281,74,,,,71,,,,445,,,,350,71,358,303,,,373,303,,,480,311,180,403,80,,
2023年8月21日,,301,881,,,,"1,399",,,,418,,,,302,152,365,308,,,407,273,,,471,302,"1,851",253,"1,120",,
2023年8月22日,,806,747,,,,"1,059",,,,533,,,,340,73,420,350,,,504,321,,,601,362,201,386,533,,
2023年8月23日,,656,651,,,,146,,,,716,,,,435,70,461,385,,,534,388,,,673,405,925,507,144,,
2023年8月24日,,667,75,,,,71,,,,425,,,,294,70,313,266,,,343,238,,,419,257,156,288,78,,
2023年8月25日,,558,310,,,,73,,,,493,,,,293,71,377,314,,,407,293,,,472,308,357,378,156,,
2023年8月26日,,243,"1,211",,,,"1,384",,,,494,,,,254,80,312,252,,,358,224,,,408,276,"1,365",231,751,,
2023年8月27日,,69,,,,,"8,441",,,,,,,,171,756,494,246,,,258,67,,,295,159,,72,"4,207",,
2023年8月28日,,66,146,,,,206,,,,450,,,,238,"1,178",707,279,,,212,145,,,378,232,188,221,"1,241",,
2023年8月29日,,64,74,,,,69,,,,350,,,,296,72,234,341,,,266,269,,,366,267,72,311,76,,
2023年8月30日,,65,264,,,,141,,,,436,,,,359,72,322,348,,,475,332,,,575,350,405,394,77,,
